domain,artifact,visibility,status,finding,sha256
retained_public,serializer_preflight.json,public,available,hash_verified,30385a75bb215c0ed16a97d4903e876fa86343771ace1bce64498234e9338bc6
retained_public,retained_failure_authority.json,public,available,hash_verified,33c5674c6afcc268ced3fd7767fd9274c6ee2e83fdbf2515e9b66f5cb583b9b2
retained_public,topology_summary.json,public,available,hash_verified,d0f01da99df7ca6cec6d93c15fdc539912c0565f3d475ef54d1a454676e2d3c1
retained_public,partition_audit.json,public,available,hash_verified,464f06e815623e494ed903f33006beba06af8457d811e1d1c5762f6c138258d3
retained_public,unsplit_convergence.csv,public,available,hash_verified,94ab73fb54026c227d223b650fa49ba30e251ec66ed20622a020f7bbf505df6b
retained_public,piecewise_convergence.csv,public,available,hash_verified,18a014bc2175c14bb9c9a37f01c4e9acd6bd0b39a2bde654c6ccbfdc7b6d9526
retained_public,production_path.json,public,available,hash_verified,530e23bbc6a8068447f2d10f4e17f7a13e2971dc7b7f916410081fa5d058db49
retained_public,onset_neighborhood.csv,public,available,hash_verified,12eeea1c18f82c81e08e60a3f61e4b94776500c38f589cc8bce6e38a2d864feb
retained_public,piece_contributions.csv,public,available,hash_verified,e94a5b2c018dc7f50205a798857d682ca701a6a3ae7064603d566157f1cdff66
retained_public,agreement_gate_replay.json,public,available,hash_verified,ef0839d5a2d2498d501d7acbe0c7f6501d90df00ba0a8abb5c0d00a06b5c0d49
retained_public,stopping_logic.json,public,available,hash_verified,229db299902b11113804726e2e11845ddc8787f08934eb0aef3c36f36f030460
retained_public,runtime_breakdown.json,public,available,hash_verified,fb0e53197aa4b165ed9b007b059cf572b6edd844e6c803087acbb6ecc80580e4
retained_public,synthetic_reproduction.json,public,available,hash_verified,6b3188f7dd0c23ab3399e6e30db1a741f1749f41083a6a30474ae31e941c1cac
retained_public,journal_replay_profile.json,public,available,hash_verified,61970af4a7beafa068c4a6e825c9b6efcf10a40ad17dc9fb5e4896513c9a4bcb
retained_public,publication_options.json,public,available,hash_verified,6b3188f7dd0c23ab3399e6e30db1a741f1749f41083a6a30474ae31e941c1cac
retained_public,emergency_record_check.json,public,available,hash_verified,6b3188f7dd0c23ab3399e6e30db1a741f1749f41083a6a30474ae31e941c1cac
retained_public,qc.json,public,available,hash_verified,51ba08e516dcd016867d0e7a5e24cacbd5853a154236a7638758d2345e872745
retained_failure,retained_failure,private/hash-bound,available,allowlisted_projection,63b942208f89685f5dec53338faf39ee790b18af480b1de15f90bcbb2692fba1
controlled_vector,controlled_vector,private/hash-bound,available,allowlisted_projection,4e097ad110a4350cce714d839962a6dbc11af23bfdd07cd26ee4de3be5dfaf46
strict,strict,private/hash-bound,available,allowlisted_projection,37037549334fa1ec6236e0c414d1e84347d1d0cf1dc52e7dabaf38f4c4d396f2
repeat,repeat,private/hash-bound,available,allowlisted_projection,37037549334fa1ec6236e0c414d1e84347d1d0cf1dc52e7dabaf38f4c4d396f2
onset_adaptive,onset_adaptive,private/hash-bound,available,allowlisted_projection,056102e1b3ab74dcfdb3f70f4f1e5eb0d5f5457b3af9fe088c027ea6f64f9fd7
actual_gate_inputs,actual_gate_inputs,private/hash-bound,available,allowlisted_projection,3289294463cd0686bccfdf2a12d22e56f99a0a6690ca0cd6c5449e801901bd6e
reproduction,reproduction,private/hash-bound,available,allowlisted_projection,037ac87bd9ac0143ac377e6e7f16d590479231230d591b37c9132abaadfc4cc6
uniform,uniform,private/hash-bound,available,allowlisted_projection,3b385f727f754297b1cc217cbdf90569bcef216f9fa417502cd375784579e60c
piecewise,piecewise,private/hash-bound,available,allowlisted_projection,7a551fa6dc5590e327fe1d34586a068d51b442db10d56a1548415acf9c28de29
uniform,uniform,private/hash-bound,available,allowlisted_projection,166e3fcaf16efc589ee250da603339aba0a52fad45007b454049fad334d0581b
piecewise,piecewise,private/hash-bound,available,allowlisted_projection,ae57c628f15478d1402e3b0ea3c6bf8b22d3d766ee499515b7daff3a129d834a
uniform,uniform,private/hash-bound,available,allowlisted_projection,33aa51a4bcac5b6baeff1ce5d488ead033a4ae58fecbc4bc409b9fc1afdf5d0e
piecewise,piecewise,private/hash-bound,available,allowlisted_projection,c6b66a472855425b6c2cbf6a1f31650e3f0cf294bac5c9a26cc8bbc012a3a0fb
uniform,uniform,private/hash-bound,available,allowlisted_projection,668ca2e99bb6ff142b9b4e4572ec5cb5f2e7cd1fc9a6cd29ea0ff8628a5843f1
piecewise,piecewise,private/hash-bound,available,allowlisted_projection,f306565a38498624e63f49da983573f238ded827deb06279255c1ac52759f83b
uniform,uniform,private/hash-bound,available,allowlisted_projection,ed40c4d7aaab7be7c2c0d2c9f72397ba4ec736b122514f28d6ec733aa089f070
piecewise,piecewise,private/hash-bound,available,allowlisted_projection,9ae4537e3df1a078d3adc1deb30e0adc60d741a7940b7ba079b27689e044b4ad
uniform,uniform,private/hash-bound,available,allowlisted_projection,0da13f1eab34dcf4ddf435ff556afcdcf13ec34a5844fc4efa9cdd2659cb3fa3
piecewise,piecewise,private/hash-bound,available,allowlisted_projection,e4064d0fd0aeec5dca6ffe54dfc4a30da3dadfbb5843a88fb53b8deb973100ae
uniform,uniform,private/hash-bound,available,allowlisted_projection,889e4d62a9cc1d65e7dfbbac0f19a3aef68de54e41b181f479bfa360cad33510
piecewise,piecewise,private/hash-bound,available,allowlisted_projection,1aac8123632b409345a309a253f41f294bf0a791cf9a182e8d3b6cd320bfd088
independent_comparisons,independent_comparisons,private/hash-bound,available,allowlisted_projection,218fc1fb742ee7c2f4b514aaa10e65ef6c0c7aed1fb4cafce52fabc0d4045730
journal_metadata,journal_metadata,private/hash-bound,available,allowlisted_projection,02430c1fc25a658e95d2173c772f9870f0e0d23a959a5f29c580fed54a58bf3c
timeout,timeout,private/hash-bound,available,allowlisted_projection,f5f20c298711459b2f3c071b2c15d6220b12201047f5bd82041b7db744d85978
production,production_health.json,public,available,completed,
production,production_health.json,public,available,stopping_satisfied,
production,production_health.json,public,available,finite,
production,production_health.json,public,available,no_invalidating_production_warning,
production,production_health.json,public,available,maximum_consistent,
production,production_health.json,public,available,reference_agreement,
production,production_health.json,public,available,fully_verified,
piecewise,piecewise_health.json,public,available,partition_valid,
piecewise,piecewise_health.json,public,available,strict_repeat,
piecewise,piecewise_health.json,public,available,routing_valid,
piecewise,piecewise_health.json,public,available,finite,
piecewise,piecewise_health.json,public,available,adaptive_returned,
piecewise,piecewise_health.json,public,available,reference_agreement,
reference,reference_eligibility.json,public,available,partition_valid,
reference,reference_eligibility.json,public,available,retained_final_step_passed,
reference,reference_eligibility.json,public,available,eligible,
reference,reference_eligibility.json,public,available,consistent_with_retained_flag,
onset,onset_only_health.json,public,available,completed,
onset,onset_only_health.json,public,available,finite,
onset,onset_only_health.json,public,available,adaptive_normal_return,
onset,onset_only_health.json,public,unavailable,independent_accuracy_established,
onset,onset_only_health.json,public,available,reference_disagreement,
onset,onset_only_health.json,public,unavailable,refinement_persistence_established,
onset,onset_only_health.json,public,unavailable,insufficient_convergence_established,
gate,gate_adjudication.json,public,available,exact_route_reproduced,
gate,gate_adjudication.json,public,available,failed_condition_retained,
gate,gate_adjudication.json,public,unavailable,two_independently_accurate_paths_established,
gate,gate_adjudication.json,public,unavailable,unjustified_equivalence_established,
gate,gate_adjudication.json,public,available,different_estimand_established,
gate,gate_adjudication.json,public,unavailable,structural_cause_established,
partition,partition_audit.json,public,available,retained_audit,464f06e815623e494ed903f33006beba06af8457d811e1d1c5762f6c138258d3
continuity,onset_neighborhood.csv,public,available,existence_only_no_values_reopened,12eeea1c18f82c81e08e60a3f61e4b94776500c38f589cc8bce6e38a2d864feb
runtime,runtime_breakdown.json,public,available,historical_duration_limits_preserved,fb0e53197aa4b165ed9b007b059cf572b6edd844e6c803087acbb6ecc80580e4
