fixture,structural_pieces,bounded_pieces,quadrature_pieces,residual_bound,exact_integral,interval_lower,interval_upper,contained
ordinary,2,0,2,0.0,0.4,0.39999999999999997,0.4000000000000001,True
onset_adjacent,3,1,2,1.1102230246251565e-16,0.7,0.6999999999999998,0.7000000000000002,True
switch_adjacent,3,1,2,5.551115123125783e-17,0.3,0.3,0.30000000000000016,True
endpoint_adjacent,2,1,1,5e-324,1.0,0.9999999999999999,1.0000000000000002,True
multiple,4,2,2,2e-14,0.8,0.799999999999984,0.8000000000000042,True
threshold_below,2,1,1,4.999999999999999e-13,0.5,0.4999999999997499,0.5000000000002501,True
threshold_above,2,0,2,0.0,0.5,0.49999999999999994,0.5000000000000001,True
zero,2,1,1,1e-14,0.0,0.0,1.0000000000000002e-14,True
field_one,2,1,1,1e-14,1.0,0.9999999999999899,1.0000000000000002,True
