fixture,candidate,component,reference_source,intervals,successive_vector_difference,estimate,reference,absolute_error,passed
axial_1,isotropic,individual_1,14b,512,4.3311868501427764e-10,0.0015565322970223156,0.0015565322681586188,2.886369680592249e-11,True
axial_1,isotropic,union,14b,512,4.3311868501427764e-10,0.0015565322970223156,0.0015565322681586188,2.886369680592249e-11,True
axial_1,isotropic,maximum,14b,512,4.3311868501427764e-10,0.0015565322970223156,0.0015565322681586188,2.886369680592249e-11,True
axial_1,expanding,individual_1,14b,512,0.0,0.0,0.0,0.0,True
axial_1,expanding,union,14b,512,0.0,0.0,-0.0,0.0,True
axial_1,expanding,maximum,14b,512,0.0,0.0,0.0,0.0,True
axial_1,constant_width,individual_1,14b,512,0.0,0.0,0.0,0.0,True
axial_1,constant_width,union,14b,512,0.0,0.0,-0.0,0.0,True
axial_1,constant_width,maximum,14b,512,0.0,0.0,0.0,0.0,True
axial_2,isotropic,individual_1,14b,512,4.331186798101072e-10,0.24910629516606975,0.2491062951949334,2.8863661460931667e-11,True
axial_2,isotropic,union,14b,512,4.331186798101072e-10,0.24910629516606975,0.2491062951949334,2.8863661460931667e-11,True
axial_2,isotropic,maximum,14b,512,4.331186798101072e-10,0.24910629516606975,0.2491062951949334,2.8863661460931667e-11,True
axial_2,expanding,individual_1,14b,2048,5.313389306316196e-08,0.7249999955432335,0.725,4.4567665113959265e-09,True
axial_2,expanding,union,14b,2048,5.313389306316196e-08,0.7249999955432335,0.725,4.4567665113959265e-09,True
axial_2,expanding,maximum,14b,2048,5.313389306316196e-08,0.7249999955432335,0.725,4.4567665113959265e-09,True
axial_2,constant_width,individual_1,14b,2048,5.313389306316196e-08,0.7249999955432335,0.725,4.4567665113959265e-09,True
axial_2,constant_width,union,14b,2048,5.313389306316196e-08,0.7249999955432335,0.725,4.4567665113959265e-09,True
axial_2,constant_width,maximum,14b,2048,5.313389306316196e-08,0.7249999955432335,0.725,4.4567665113959265e-09,True
axial_3,isotropic,individual_1,14b,512,0.0,0.12533141373155002,0.12533141373155002,0.0,True
axial_3,isotropic,union,14b,512,0.0,0.12533141373155002,0.12533141373155002,0.0,True
axial_3,isotropic,maximum,14b,512,0.0,0.12533141373155002,0.12533141373155002,0.0,True
axial_3,expanding,individual_1,14b,512,0.0,0.0,0.0,0.0,True
axial_3,expanding,union,14b,512,0.0,0.0,-0.0,0.0,True
axial_3,expanding,maximum,14b,512,0.0,0.0,0.0,0.0,True
axial_3,constant_width,individual_1,14b,512,0.0,0.0,0.0,0.0,True
axial_3,constant_width,union,14b,512,0.0,0.0,-0.0,0.0,True
axial_3,constant_width,maximum,14b,512,0.0,0.0,0.0,0.0,True
axial_4,isotropic,individual_1,14b,512,4.3311868501427764e-10,0.0015565322970223156,0.0015565322681586195,2.8863696155401186e-11,True
axial_4,isotropic,union,14b,512,4.3311868501427764e-10,0.0015565322970223156,0.0015565322681586195,2.8863696155401186e-11,True
axial_4,isotropic,maximum,14b,512,4.3311868501427764e-10,0.0015565322970223156,0.0015565322681586195,2.8863696155401186e-11,True
axial_4,expanding,individual_1,14b,512,0.0,0.0,0.0,0.0,True
axial_4,expanding,union,14b,512,0.0,0.0,-0.0,0.0,True
axial_4,expanding,maximum,14b,512,0.0,0.0,0.0,0.0,True
axial_4,constant_width,individual_1,14b,512,0.0,0.0,0.0,0.0,True
axial_4,constant_width,union,14b,512,0.0,0.0,-0.0,0.0,True
axial_4,constant_width,maximum,14b,512,0.0,0.0,0.0,0.0,True
lateral_x5_y0,isotropic,individual_1,14b,512,4.331186798101072e-10,0.24910629516606975,0.2491062951949334,2.8863661460931667e-11,True
lateral_x5_y0,isotropic,union,14b,512,4.331186798101072e-10,0.24910629516606975,0.2491062951949334,2.8863661460931667e-11,True
lateral_x5_y0,isotropic,maximum,14b,512,4.331186798101072e-10,0.24910629516606975,0.2491062951949334,2.8863661460931667e-11,True
lateral_x5_y0,expanding,individual_1,14b,2048,5.313389306316196e-08,0.7249999955432335,0.725,4.4567665113959265e-09,True
lateral_x5_y0,expanding,union,14b,2048,5.313389306316196e-08,0.7249999955432335,0.725,4.4567665113959265e-09,True
lateral_x5_y0,expanding,maximum,14b,2048,5.313389306316196e-08,0.7249999955432335,0.725,4.4567665113959265e-09,True
lateral_x5_y0,constant_width,individual_1,14b,2048,5.313389306316196e-08,0.7249999955432335,0.725,4.4567665113959265e-09,True
lateral_x5_y0,constant_width,union,14b,2048,5.313389306316196e-08,0.7249999955432335,0.725,4.4567665113959265e-09,True
lateral_x5_y0,constant_width,maximum,14b,2048,5.313389306316196e-08,0.7249999955432335,0.725,4.4567665113959265e-09,True
lateral_x5_y1,isotropic,individual_1,14b,512,3.8222588982783634e-10,0.2198355338983805,0.21983553392385266,2.547215216530674e-11,True
lateral_x5_y1,isotropic,union,14b,512,3.8222588982783634e-10,0.2198355338983805,0.21983553392385266,2.547215216530674e-11,True
lateral_x5_y1,isotropic,maximum,14b,512,3.8222588982783634e-10,0.2198355338983805,0.21983553392385266,2.547215216530674e-11,True
lateral_x5_y1,expanding,individual_1,14b,2048,4.041559253931126e-08,0.5424834393963139,0.5424834469711288,7.57481488644629e-09,True
lateral_x5_y1,expanding,union,14b,2048,4.041559253931126e-08,0.5424834393963139,0.5424834469711288,7.57481488644629e-09,True
lateral_x5_y1,expanding,maximum,14b,2048,4.041559253931126e-08,0.5424834393963139,0.5424834469711288,7.57481488644629e-09,True
lateral_x5_y1,constant_width,individual_1,14b,2048,3.94904742240243e-08,0.33600981512031436,0.33600982261474244,7.494428078125281e-09,True
lateral_x5_y1,constant_width,union,14b,2048,3.94904742240243e-08,0.33600981512031436,0.33600982261474244,7.494428078125281e-09,True
lateral_x5_y1,constant_width,maximum,14b,2048,3.94904742240243e-08,0.33600981512031436,0.33600982261474244,7.494428078125281e-09,True
lateral_x5_y2,isotropic,individual_1,14b,512,2.6269975084147745e-10,0.15109060554564627,0.15109060556315299,1.7506718297255475e-11,True
lateral_x5_y2,isotropic,union,14b,512,2.6269975084147745e-10,0.15109060554564627,0.15109060556315299,1.7506718297255475e-11,True
lateral_x5_y2,isotropic,maximum,14b,512,2.6269975084147745e-10,0.15109060554564627,0.15109060556315299,1.7506718297255475e-11,True
lateral_x5_y2,expanding,individual_1,14b,2048,8.179373511829624e-09,0.22779054780651387,0.22779054835975454,5.532406754937824e-10,True
lateral_x5_y2,expanding,union,14b,2048,8.179373511829624e-09,0.22779054780651387,0.22779054835975454,5.532406754937824e-10,True
lateral_x5_y2,expanding,maximum,14b,2048,8.179373511829624e-09,0.22779054780651387,0.22779054835975454,5.532406754937824e-10,True
lateral_x5_y2,constant_width,individual_1,14b,2048,8.072164603412091e-09,0.0808052801538935,0.08080528061931036,4.654168578310802e-10,True
lateral_x5_y2,constant_width,union,14b,2048,8.072164603412091e-09,0.0808052801538935,0.08080528061931036,4.654168578310802e-10,True
lateral_x5_y2,constant_width,maximum,14b,2048,8.072164603412091e-09,0.0808052801538935,0.08080528061931036,4.654168578310802e-10,True
lateral_x5_y5,isotropic,individual_1,14b,512,1.9029907857848194e-11,0.010944966755884543,0.010944966757152726,1.2681834749006526e-12,True
lateral_x5_y5,isotropic,union,14b,512,1.9029907857848194e-11,0.010944966755884543,0.010944966757152726,1.2681834749006526e-12,True
lateral_x5_y5,isotropic,maximum,14b,512,1.9029907857848194e-11,0.010944966755884543,0.010944966757152726,1.2681834749006526e-12,True
lateral_x5_y5,expanding,individual_1,14b,512,8.957452019161226e-11,0.00018246146284270435,0.00018246150343912597,4.059642162365651e-11,True
lateral_x5_y5,expanding,union,14b,512,8.957452019161226e-11,0.00018246146284270435,0.00018246150343912597,4.059642162365651e-11,True
lateral_x5_y5,expanding,maximum,14b,512,8.957452019161226e-11,0.00018246146284270435,0.00018246150343912597,4.059642162365651e-11,True
lateral_x5_y5,constant_width,individual_1,14b,512,2.9499975478765794e-10,2.9838335238265077e-05,2.983832874249849e-05,6.4957665880601995e-12,True
lateral_x5_y5,constant_width,union,14b,512,2.9499975478765794e-10,2.9838335238265077e-05,2.983832874249849e-05,6.4957665880601995e-12,True
lateral_x5_y5,constant_width,maximum,14b,512,2.9499975478765794e-10,2.9838335238265077e-05,2.983832874249849e-05,6.4957665880601995e-12,True
lateral_x10_y0,isotropic,individual_1,14b,512,9.908740494779522e-13,0.2506626837572468,0.25066268375731304,6.622480341889059e-14,True
lateral_x10_y0,isotropic,union,14b,512,9.908740494779522e-13,0.2506626837572468,0.25066268375731304,6.622480341889059e-14,True
lateral_x10_y0,isotropic,maximum,14b,512,9.908740494779522e-13,0.2506626837572468,0.25066268375731304,6.622480341889059e-14,True
lateral_x10_y0,expanding,individual_1,14b,2048,5.3133893174184266e-08,0.4749999955432334,0.475,4.456766566907078e-09,True
lateral_x10_y0,expanding,union,14b,2048,5.3133893174184266e-08,0.4749999955432334,0.475,4.456766566907078e-09,True
lateral_x10_y0,expanding,maximum,14b,2048,5.3133893174184266e-08,0.4749999955432334,0.475,4.456766566907078e-09,True
lateral_x10_y0,constant_width,individual_1,14b,2048,5.3133893174184266e-08,0.4749999955432334,0.475,4.456766566907078e-09,True
lateral_x10_y0,constant_width,union,14b,2048,5.3133893174184266e-08,0.4749999955432334,0.475,4.456766566907078e-09,True
lateral_x10_y0,constant_width,maximum,14b,2048,5.3133893174184266e-08,0.4749999955432334,0.475,4.456766566907078e-09,True
lateral_x10_y1,isotropic,individual_1,14b,512,8.744116541947733e-13,0.22120904200931227,0.22120904200937072,5.845324224651449e-14,True
lateral_x10_y1,isotropic,union,14b,512,8.744116541947733e-13,0.22120904200931227,0.22120904200937072,5.845324224651449e-14,True
lateral_x10_y1,isotropic,maximum,14b,512,8.744116541947733e-13,0.22120904200931227,0.22120904200937072,5.845324224651449e-14,True
lateral_x10_y1,expanding,individual_1,14b,2048,1.8573522941878196e-08,0.4101291178147735,0.4101291151321267,2.682646826901447e-09,True
lateral_x10_y1,expanding,union,14b,2048,1.8573522941878196e-08,0.4101291178147735,0.4101291151321267,2.682646826901447e-09,True
lateral_x10_y1,expanding,maximum,14b,2048,1.8573522941878196e-08,0.4101291178147735,0.4101291151321267,2.682646826901447e-09,True
lateral_x10_y1,constant_width,individual_1,14b,2048,1.7421286913066325e-08,0.350354897868058,0.350354895289881,2.5781770052191177e-09,True
lateral_x10_y1,constant_width,union,14b,2048,1.7421286913066325e-08,0.350354897868058,0.350354895289881,2.5781770052191177e-09,True
lateral_x10_y1,constant_width,maximum,14b,2048,1.7421286913066325e-08,0.350354897868058,0.350354895289881,2.5781770052191177e-09,True
lateral_x10_y2,isotropic,individual_1,14b,512,6.009914788052129e-13,0.15203460294462212,0.15203460294466228,4.016231791581504e-14,True
lateral_x10_y2,isotropic,union,14b,512,6.009914788052129e-13,0.15203460294462212,0.15203460294466228,4.016231791581504e-14,True
lateral_x10_y2,isotropic,maximum,14b,512,6.009914788052129e-13,0.15203460294462212,0.15203460294466228,4.016231791581504e-14,True
lateral_x10_y2,expanding,individual_1,14b,2048,5.9192070966940236e-08,0.26121260205758073,0.26121259922828755,2.8292931886220174e-09,True
lateral_x10_y2,expanding,union,14b,2048,5.9192070966940236e-08,0.26121260205758073,0.26121259922828755,2.8292931886220174e-09,True
lateral_x10_y2,expanding,maximum,14b,2048,5.9192070966940236e-08,0.26121260205758073,0.26121259922828755,2.8292931886220174e-09,True
lateral_x10_y2,constant_width,individual_1,14b,2048,5.597086721875755e-08,0.15016022769291523,0.15016022522391403,2.469001197935583e-09,True
lateral_x10_y2,constant_width,union,14b,2048,5.597086721875755e-08,0.15016022769291523,0.15016022522391403,2.469001197935583e-09,True
lateral_x10_y2,constant_width,maximum,14b,2048,5.597086721875755e-08,0.15016022769291523,0.15016022522391403,2.469001197935583e-09,True
lateral_x10_y5,isotropic,individual_1,14b,512,4.353462035311395e-14,0.011013349698107319,0.011013349698110228,2.9091312692131055e-15,True
lateral_x10_y5,isotropic,union,14b,512,4.353462035311395e-14,0.011013349698107319,0.011013349698110228,2.9091312692131055e-15,True
lateral_x10_y5,isotropic,maximum,14b,512,4.353462035311395e-14,0.011013349698107319,0.011013349698110228,2.9091312692131055e-15,True
lateral_x10_y5,expanding,individual_1,14b,512,1.804263320866195e-08,0.006801855241388369,0.006801862045462981,6.804074611892197e-09,True
lateral_x10_y5,expanding,union,14b,512,1.804263320866195e-08,0.006801855241388369,0.006801862045462981,6.804074611892197e-09,True
lateral_x10_y5,expanding,maximum,14b,512,1.804263320866195e-08,0.006801855241388369,0.006801862045462981,6.804074611892197e-09,True
lateral_x10_y5,constant_width,individual_1,14b,512,5.4336551332575395e-09,0.0009929232887811359,0.0009929264426254219,3.153844285990609e-09,True
lateral_x10_y5,constant_width,union,14b,512,5.4336551332575395e-09,0.0009929232887811359,0.0009929264426254219,3.153844285990609e-09,True
lateral_x10_y5,constant_width,maximum,14b,512,5.4336551332575395e-09,0.0009929232887811359,0.0009929264426254219,3.153844285990609e-09,True
lateral_x15_y0,isotropic,individual_1,14b,512,4.331186798101072e-10,0.24910629516606975,0.2491062951949334,2.8863661460931667e-11,True
lateral_x15_y0,isotropic,union,14b,512,4.331186798101072e-10,0.24910629516606975,0.2491062951949334,2.8863661460931667e-11,True
lateral_x15_y0,isotropic,maximum,14b,512,4.331186798101072e-10,0.24910629516606975,0.2491062951949334,2.8863661460931667e-11,True
lateral_x15_y0,expanding,individual_1,14b,2048,5.3133893118673114e-08,0.22499999554323344,0.225,4.456766566907078e-09,True
lateral_x15_y0,expanding,union,14b,2048,5.3133893118673114e-08,0.22499999554323344,0.225,4.456766566907078e-09,True
lateral_x15_y0,expanding,maximum,14b,2048,5.3133893118673114e-08,0.22499999554323344,0.225,4.456766566907078e-09,True
lateral_x15_y0,constant_width,individual_1,14b,2048,5.3133893118673114e-08,0.22499999554323344,0.225,4.456766566907078e-09,True
lateral_x15_y0,constant_width,union,14b,2048,5.3133893118673114e-08,0.22499999554323344,0.225,4.456766566907078e-09,True
lateral_x15_y0,constant_width,maximum,14b,2048,5.3133893118673114e-08,0.22499999554323344,0.225,4.456766566907078e-09,True
lateral_x15_y1,isotropic,individual_1,14b,512,3.8222588982783634e-10,0.2198355338983805,0.21983553392385263,2.5472124409731123e-11,True
lateral_x15_y1,isotropic,union,14b,512,3.8222588982783634e-10,0.2198355338983805,0.21983553392385263,2.5472124409731123e-11,True
lateral_x15_y1,isotropic,maximum,14b,512,3.8222588982783634e-10,0.2198355338983805,0.21983553392385263,2.5472124409731123e-11,True
lateral_x15_y1,expanding,individual_1,14b,2048,1.3189511705036239e-09,0.19765491871344976,0.1976549180262912,6.871585522816304e-10,True
lateral_x15_y1,expanding,union,14b,2048,1.3189511705036239e-09,0.19765491871344976,0.1976549180262912,6.871585522816304e-10,True
lateral_x15_y1,expanding,maximum,14b,2048,1.3189511705036239e-09,0.19765491871344976,0.1976549180262912,6.871585522816304e-10,True
lateral_x15_y1,constant_width,individual_1,14b,2048,1.7411957986546156e-10,0.18595620821688116,0.18595620765280052,5.640806433060419e-10,True
lateral_x15_y1,constant_width,union,14b,2048,1.7411957986546156e-10,0.18595620821688116,0.18595620765280052,5.640806433060419e-10,True
lateral_x15_y1,constant_width,maximum,14b,2048,1.7411957986546156e-10,0.18595620821688116,0.18595620765280052,5.640806433060419e-10,True
lateral_x15_y2,isotropic,individual_1,14b,512,2.6269975084147745e-10,0.15109060554564627,0.15109060556315299,1.7506718297255475e-11,True
lateral_x15_y2,isotropic,union,14b,512,2.6269975084147745e-10,0.15109060554564627,0.15109060556315299,1.7506718297255475e-11,True
lateral_x15_y2,isotropic,maximum,14b,512,2.6269975084147745e-10,0.15109060554564627,0.15109060556315299,1.7506718297255475e-11,True
lateral_x15_y2,expanding,individual_1,14b,2048,5.0783465349590884e-08,0.13292762911694314,0.13292762915006986,3.312672358646296e-11,True
lateral_x15_y2,expanding,union,14b,2048,5.0783465349590884e-08,0.13292762911694314,0.13292762915006986,3.312672358646296e-11,True
lateral_x15_y2,expanding,maximum,14b,2048,5.0783465349590884e-08,0.13292762911694314,0.13292762915006986,3.312672358646296e-11,True
lateral_x15_y2,constant_width,individual_1,14b,2048,4.757736189742179e-08,0.1053485361074352,0.10534853579192392,3.1551128376605675e-10,True
lateral_x15_y2,constant_width,union,14b,2048,4.757736189742179e-08,0.1053485361074352,0.10534853579192392,3.1551128376605675e-10,True
lateral_x15_y2,constant_width,maximum,14b,2048,4.757736189742179e-08,0.1053485361074352,0.10534853579192392,3.1551128376605675e-10,True
lateral_x15_y5,isotropic,individual_1,14b,512,1.9029907857848194e-11,0.010944966755884543,0.010944966757152723,1.2681800054537007e-12,True
lateral_x15_y5,isotropic,union,14b,512,1.9029907857848194e-11,0.010944966755884543,0.010944966757152723,1.2681800054537007e-12,True
lateral_x15_y5,isotropic,maximum,14b,512,1.9029907857848194e-11,0.010944966755884543,0.010944966757152723,1.2681800054537007e-12,True
lateral_x15_y5,expanding,individual_1,14b,512,1.5235766151304453e-08,0.005675546169237052,0.005675551071220195,4.901983142319155e-09,True
lateral_x15_y5,expanding,union,14b,512,1.5235766151304453e-08,0.005675546169237052,0.005675551071220195,4.901983142319155e-09,True
lateral_x15_y5,expanding,maximum,14b,512,1.5235766151304453e-08,0.005675546169237052,0.005675551071220195,4.901983142319155e-09,True
lateral_x15_y5,constant_width,individual_1,14b,512,5.4537728831714066e-08,0.001993005648887085,0.0019930139797117987,8.330824713669721e-09,True
lateral_x15_y5,constant_width,union,14b,512,5.4537728831714066e-08,0.001993005648887085,0.0019930139797117987,8.330824713669721e-09,True
lateral_x15_y5,constant_width,maximum,14b,512,5.4537728831714066e-08,0.001993005648887085,0.0019930139797117987,8.330824713669721e-09,True
depth_x4_y0,isotropic,individual_1,14b,512,1.5235590566931023e-11,0.37891179783599926,0.3789117978370149,1.0156320229270932e-12,True
depth_x4_y0,isotropic,union,14b,512,1.5235590566931023e-11,0.37891179783599926,0.3789117978370149,1.0156320229270932e-12,True
depth_x4_y0,isotropic,maximum,14b,512,1.5235590566931023e-11,0.37891179783599926,0.3789117978370149,1.0156320229270932e-12,True
depth_x4_y0,expanding,individual_1,14b,512,0.0,0.0,0.0,0.0,True
depth_x4_y0,expanding,union,14b,512,0.0,0.0,-0.0,0.0,True
depth_x4_y0,expanding,maximum,14b,512,0.0,0.0,0.0,0.0,True
depth_x4_y0,constant_width,individual_1,14b,512,0.0,0.0,0.0,0.0,True
depth_x4_y0,constant_width,union,14b,512,0.0,0.0,-0.0,0.0,True
depth_x4_y0,constant_width,maximum,14b,512,0.0,0.0,0.0,0.0,True
depth_x4_y2,isotropic,individual_1,14b,512,2.664146681041757e-12,0.2924090212059966,0.29240902120617424,1.7763568394002505e-13,True
depth_x4_y2,isotropic,union,14b,512,2.664146681041757e-12,0.2924090212059966,0.29240902120617424,1.7763568394002505e-13,True
depth_x4_y2,isotropic,maximum,14b,512,2.664146681041757e-12,0.2924090212059966,0.29240902120617424,1.7763568394002505e-13,True
depth_x4_y2,expanding,individual_1,14b,512,0.0,0.0,0.0,0.0,True
depth_x4_y2,expanding,union,14b,512,0.0,0.0,-0.0,0.0,True
depth_x4_y2,expanding,maximum,14b,512,0.0,0.0,0.0,0.0,True
depth_x4_y2,constant_width,individual_1,14b,512,0.0,0.0,0.0,0.0,True
depth_x4_y2,constant_width,union,14b,512,0.0,0.0,-0.0,0.0,True
depth_x4_y2,constant_width,maximum,14b,512,0.0,0.0,0.0,0.0,True
depth_x5_y0,isotropic,individual_1,14b,512,6.764366844436154e-12,0.49509952585311473,0.4950995258535656,4.5086157030027607e-13,True
depth_x5_y0,isotropic,union,14b,512,6.764366844436154e-12,0.49509952585311473,0.4950995258535656,4.5086157030027607e-13,True
depth_x5_y0,isotropic,maximum,14b,512,6.764366844436154e-12,0.49509952585311473,0.4950995258535656,4.5086157030027607e-13,True
depth_x5_y0,expanding,individual_1,14b,512,0.0,0.0,0.0,0.0,True
depth_x5_y0,expanding,union,14b,512,0.0,0.0,-0.0,0.0,True
depth_x5_y0,expanding,maximum,14b,512,0.0,0.0,0.0,0.0,True
depth_x5_y0,constant_width,individual_1,14b,512,0.0,0.0,0.0,0.0,True
depth_x5_y0,constant_width,union,14b,512,0.0,0.0,-0.0,0.0,True
depth_x5_y0,constant_width,maximum,14b,512,0.0,0.0,0.0,0.0,True
depth_x5_y2,isotropic,individual_1,14b,512,9.497513886458364e-12,0.38395969656254764,0.38395969656191453,6.331046797924955e-13,True
depth_x5_y2,isotropic,union,14b,512,9.497513886458364e-12,0.38395969656254764,0.38395969656191453,6.331046797924955e-13,True
depth_x5_y2,isotropic,maximum,14b,512,9.497513886458364e-12,0.38395969656254764,0.38395969656191453,6.331046797924955e-13,True
depth_x5_y2,expanding,individual_1,14b,512,0.0,0.0,0.0,0.0,True
depth_x5_y2,expanding,union,14b,512,0.0,0.0,-0.0,0.0,True
depth_x5_y2,expanding,maximum,14b,512,0.0,0.0,0.0,0.0,True
depth_x5_y2,constant_width,individual_1,14b,512,0.0,0.0,0.0,0.0,True
depth_x5_y2,constant_width,union,14b,512,0.0,0.0,-0.0,0.0,True
depth_x5_y2,constant_width,maximum,14b,512,0.0,0.0,0.0,0.0,True
depth_x5.5_y0,isotropic,individual_1,14b,512,8.94873064538615e-12,0.5400614114462935,0.5400614114456971,5.964118088286341e-13,True
depth_x5.5_y0,isotropic,union,14b,512,8.94873064538615e-12,0.5400614114462935,0.5400614114456971,5.964118088286341e-13,True
depth_x5.5_y0,isotropic,maximum,14b,512,8.94873064538615e-12,0.5400614114462935,0.5400614114456971,5.964118088286341e-13,True
depth_x5.5_y0,expanding,individual_1,14b,1024,3.2465626038230555e-08,0.017045452404696942,0.017045454545454575,2.1407576336618384e-09,True
depth_x5.5_y0,expanding,union,14b,1024,3.2465626038230555e-08,0.017045452404696942,0.017045454545454575,2.1407576336618384e-09,True
depth_x5.5_y0,expanding,maximum,14b,1024,3.2465626038230555e-08,0.017045452404696942,0.017045454545454575,2.1407576336618384e-09,True
depth_x5.5_y0,constant_width,individual_1,14b,1024,3.2465626038230555e-08,0.017045452404696942,0.017045454545454575,2.1407576336618384e-09,True
depth_x5.5_y0,constant_width,union,14b,1024,3.2465626038230555e-08,0.017045452404696942,0.017045454545454575,2.1407576336618384e-09,True
depth_x5.5_y0,constant_width,maximum,14b,1024,3.2465626038230555e-08,0.017045452404696942,0.017045454545454575,2.1407576336618384e-09,True
depth_x5.5_y2,isotropic,individual_1,14b,512,1.9573509479897666e-11,0.42135095286279606,0.4213509528614912,1.3048451208419465e-12,True
depth_x5.5_y2,isotropic,union,14b,512,1.9573509479897666e-11,0.42135095286279606,0.4213509528614912,1.3048451208419465e-12,True
depth_x5.5_y2,isotropic,maximum,14b,512,1.9573509479897666e-11,0.42135095286279606,0.4213509528614912,1.3048451208419465e-12,True
depth_x5.5_y2,expanding,individual_1,14b,1024,2.1483147276749048e-08,0.010905334118500606,0.01090533553559732,1.4170967142790314e-09,True
depth_x5.5_y2,expanding,union,14b,1024,2.1483147276749048e-08,0.010905334118500606,0.01090533553559732,1.4170967142790314e-09,True
depth_x5.5_y2,expanding,maximum,14b,1024,2.1483147276749048e-08,0.010905334118500606,0.01090533553559732,1.4170967142790314e-09,True
depth_x5.5_y2,constant_width,individual_1,14b,1024,2.148794478809557e-08,0.010589072031877153,0.01058907344975959,1.4178824364607934e-09,True
depth_x5.5_y2,constant_width,union,14b,1024,2.148794478809557e-08,0.010589072031877153,0.01058907344975959,1.4178824364607934e-09,True
depth_x5.5_y2,constant_width,maximum,14b,1024,2.148794478809557e-08,0.010589072031877153,0.01058907344975959,1.4178824364607934e-09,True
depth_x6_y0,isotropic,individual_1,14b,512,2.8044233602031454e-11,0.5725580111998022,0.5725580111979328,1.8693935288638386e-12,True
depth_x6_y0,isotropic,union,14b,512,2.8044233602031454e-11,0.5725580111998022,0.5725580111979328,1.8693935288638386e-12,True
depth_x6_y0,isotropic,maximum,14b,512,2.8044233602031454e-11,0.5725580111998022,0.5725580111979328,1.8693935288638386e-12,True
depth_x6_y0,expanding,individual_1,14b,1024,4.4994521886110306e-08,0.0833333382809845,0.08333333333333336,4.947651149889154e-09,True
depth_x6_y0,expanding,union,14b,1024,4.4994521886110306e-08,0.0833333382809845,0.08333333333333336,4.947651149889154e-09,True
depth_x6_y0,expanding,maximum,14b,1024,4.4994521886110306e-08,0.0833333382809845,0.08333333333333336,4.947651149889154e-09,True
depth_x6_y0,constant_width,individual_1,14b,1024,4.4994521886110306e-08,0.0833333382809845,0.08333333333333336,4.947651149889154e-09,True
depth_x6_y0,constant_width,union,14b,1024,4.4994521886110306e-08,0.0833333382809845,0.08333333333333336,4.947651149889154e-09,True
depth_x6_y0,constant_width,maximum,14b,1024,4.4994521886110306e-08,0.0833333382809845,0.08333333333333336,4.947651149889154e-09,True
depth_x6_y2,isotropic,individual_1,14b,512,2.8052116185506293e-11,0.45034147982199685,0.4503414798201268,1.8700596626786137e-12,True
depth_x6_y2,isotropic,union,14b,512,2.8052116185506293e-11,0.45034147982199685,0.4503414798201268,1.8700596626786137e-12,True
depth_x6_y2,isotropic,maximum,14b,512,2.8052116185506293e-11,0.45034147982199685,0.4503414798201268,1.8700596626786137e-12,True
depth_x6_y2,expanding,individual_1,14b,1024,3.177886648275674e-08,0.05585569373014478,0.05585569023282207,3.4973227161505527e-09,True
depth_x6_y2,expanding,union,14b,1024,3.177886648275674e-08,0.05585569373014478,0.05585569023282207,3.4973227161505527e-09,True
depth_x6_y2,expanding,maximum,14b,1024,3.177886648275674e-08,0.05585569373014478,0.05585569023282207,3.4973227161505527e-09,True
depth_x6_y2,constant_width,individual_1,14b,1024,3.175932665466785e-08,0.05306573495975319,0.053065731461139756,3.4986134336834063e-09,True
depth_x6_y2,constant_width,union,14b,1024,3.175932665466785e-08,0.05306573495975319,0.053065731461139756,3.4986134336834063e-09,True
depth_x6_y2,constant_width,maximum,14b,1024,3.175932665466785e-08,0.05306573495975319,0.053065731461139756,3.4986134336834063e-09,True
depth_x10_y0,isotropic,individual_1,14b,512,1.082395284512927e-10,0.49509952584635036,0.4950995258535656,7.21522841473643e-12,True
depth_x10_y0,isotropic,union,14b,512,1.082395284512927e-10,0.49509952584635036,0.4950995258535656,7.21522841473643e-12,True
depth_x10_y0,isotropic,maximum,14b,512,1.082395284512927e-10,0.49509952584635036,0.4950995258535656,7.21522841473643e-12,True
depth_x10_y0,expanding,individual_1,14b,2048,7.4311780062785715e-09,0.4499999985176449,0.45000000000000007,1.4823551830467352e-09,True
depth_x10_y0,expanding,union,14b,2048,7.4311780062785715e-09,0.4499999985176449,0.45000000000000007,1.4823551830467352e-09,True
depth_x10_y0,expanding,maximum,14b,2048,7.4311780062785715e-09,0.4499999985176449,0.45000000000000007,1.4823551830467352e-09,True
depth_x10_y0,constant_width,individual_1,14b,2048,7.4311780062785715e-09,0.4499999985176449,0.45000000000000007,1.4823551830467352e-09,True
depth_x10_y0,constant_width,union,14b,2048,7.4311780062785715e-09,0.4499999985176449,0.45000000000000007,1.4823551830467352e-09,True
depth_x10_y0,constant_width,maximum,14b,2048,7.4311780062785715e-09,0.4499999985176449,0.45000000000000007,1.4823551830467352e-09,True
depth_x10_y2,isotropic,individual_1,14b,512,9.760725561136496e-11,0.4310493950947813,0.4310493951012878,6.506517546966961e-12,True
depth_x10_y2,isotropic,union,14b,512,9.760725561136496e-11,0.4310493950947813,0.4310493951012878,6.506517546966961e-12,True
depth_x10_y2,isotropic,maximum,14b,512,9.760725561136496e-11,0.4310493950947813,0.4310493951012878,6.506517546966961e-12,True
depth_x10_y2,expanding,individual_1,14b,1024,9.130172468063691e-08,0.37125370057275825,0.371253708224495,7.651736744218596e-09,True
depth_x10_y2,expanding,union,14b,1024,9.130172468063691e-08,0.37125370057275825,0.371253708224495,7.651736744218596e-09,True
depth_x10_y2,expanding,maximum,14b,1024,9.130172468063691e-08,0.37125370057275825,0.371253708224495,7.651736744218596e-09,True
depth_x10_y2,constant_width,individual_1,14b,1024,8.878775970000419e-08,0.332257521519919,0.33225752895577393,7.4358549317921074e-09,True
depth_x10_y2,constant_width,union,14b,1024,8.878775970000419e-08,0.332257521519919,0.33225752895577393,7.4358549317921074e-09,True
depth_x10_y2,constant_width,maximum,14b,1024,8.878775970000419e-08,0.332257521519919,0.33225752895577393,7.4358549317921074e-09,True
depth_x20_y0,isotropic,individual_1,14b,512,4.331186798101072e-10,0.24910629516606975,0.2491062951949334,2.8863661460931667e-11,True
depth_x20_y0,isotropic,union,14b,512,4.331186798101072e-10,0.24910629516606975,0.2491062951949334,2.8863661460931667e-11,True
depth_x20_y0,isotropic,maximum,14b,512,4.331186798101072e-10,0.24910629516606975,0.2491062951949334,2.8863661460931667e-11,True
depth_x20_y0,expanding,individual_1,14b,2048,5.313389306316196e-08,0.7249999955432335,0.725,4.4567665113959265e-09,True
depth_x20_y0,expanding,union,14b,2048,5.313389306316196e-08,0.7249999955432335,0.725,4.4567665113959265e-09,True
depth_x20_y0,expanding,maximum,14b,2048,5.313389306316196e-08,0.7249999955432335,0.725,4.4567665113959265e-09,True
depth_x20_y0,constant_width,individual_1,14b,2048,5.313389306316196e-08,0.7249999955432335,0.725,4.4567665113959265e-09,True
depth_x20_y0,constant_width,union,14b,2048,5.313389306316196e-08,0.7249999955432335,0.725,4.4567665113959265e-09,True
depth_x20_y0,constant_width,maximum,14b,2048,5.313389306316196e-08,0.7249999955432335,0.725,4.4567665113959265e-09,True
depth_x20_y2,isotropic,individual_1,14b,512,4.291308697279561e-10,0.24026480109741932,0.24026480112601672,2.859740222405094e-11,True
depth_x20_y2,isotropic,union,14b,512,4.291308697279561e-10,0.24026480109741932,0.24026480112601672,2.859740222405094e-11,True
depth_x20_y2,isotropic,maximum,14b,512,4.291308697279561e-10,0.24026480109741932,0.24026480112601672,2.859740222405094e-11,True
depth_x20_y2,expanding,individual_1,14b,2048,5.1155217839493616e-08,0.6767106757590642,0.676710680048975,4.289910870980407e-09,True
depth_x20_y2,expanding,union,14b,2048,5.1155217839493616e-08,0.6767106757590642,0.676710680048975,4.289910870980407e-09,True
depth_x20_y2,expanding,maximum,14b,2048,5.1155217839493616e-08,0.6767106757590642,0.676710680048975,4.289910870980407e-09,True
depth_x20_y2,constant_width,individual_1,14b,2048,5.079903186988588e-08,0.5840681144277332,0.5840681186870849,4.259351649160692e-09,True
depth_x20_y2,constant_width,union,14b,2048,5.079903186988588e-08,0.5840681144277332,0.5840681186870849,4.259351649160692e-09,True
depth_x20_y2,constant_width,maximum,14b,2048,5.079903186988588e-08,0.5840681144277332,0.5840681186870849,4.259351649160692e-09,True
depth_x40_y0,isotropic,individual_1,14b,512,3.4700817219679436e-09,0.12455314736647953,0.1245531475974707,2.3099117063551944e-10,True
depth_x40_y0,isotropic,union,14b,512,3.4700817219679436e-09,0.12455314736647953,0.1245531475974707,2.3099117063551944e-10,True
depth_x40_y0,isotropic,maximum,14b,512,3.4700817219679436e-09,0.12455314736647953,0.1245531475974707,2.3099117063551944e-10,True
depth_x40_y0,expanding,individual_1,14b,4096,2.6566946642603284e-08,0.8624999977716167,0.8624999999999999,2.2283832556979632e-09,True
depth_x40_y0,expanding,union,14b,4096,2.6566946642603284e-08,0.8624999977716167,0.8624999999999999,2.2283832556979632e-09,True
depth_x40_y0,expanding,maximum,14b,4096,2.6566946642603284e-08,0.8624999977716167,0.8624999999999999,2.2283832556979632e-09,True
depth_x40_y0,constant_width,individual_1,14b,4096,2.6566946642603284e-08,0.8624999977716167,0.8624999999999999,2.2283832556979632e-09,True
depth_x40_y0,constant_width,union,14b,4096,2.6566946642603284e-08,0.8624999977716167,0.8624999999999999,2.2283832556979632e-09,True
depth_x40_y0,constant_width,maximum,14b,4096,2.6566946642603284e-08,0.8624999977716167,0.8624999999999999,2.2283832556979632e-09,True
depth_x40_y2,isotropic,individual_1,14b,512,3.4621558536729324e-09,0.1234252638843721,0.12342526411483155,2.3045945707345084e-10,True
depth_x40_y2,isotropic,union,14b,512,3.4621558536729324e-09,0.1234252638843721,0.12342526411483155,2.3045945707345084e-10,True
depth_x40_y2,isotropic,maximum,14b,512,3.4621558536729324e-09,0.1234252638843721,0.12342526411483155,2.3045945707345084e-10,True
depth_x40_y2,expanding,individual_1,14b,4096,2.631607731728991e-08,0.8429185185506197,0.8429185207578469,2.2072271788076137e-09,True
depth_x40_y2,expanding,union,14b,4096,2.631607731728991e-08,0.8429185185506197,0.8429185207578469,2.2072271788076137e-09,True
depth_x40_y2,expanding,maximum,14b,4096,2.631607731728991e-08,0.8429185185506197,0.8429185207578469,2.2072271788076137e-09,True
depth_x40_y2,constant_width,individual_1,14b,4096,2.627013717670934e-08,0.7185585601452127,0.7185585623484995,2.203286775248614e-09,True
depth_x40_y2,constant_width,union,14b,4096,2.627013717670934e-08,0.7185585601452127,0.7185585623484995,2.203286775248614e-09,True
depth_x40_y2,constant_width,maximum,14b,4096,2.627013717670934e-08,0.7185585601452127,0.7185585623484995,2.203286775248614e-09,True
equal_minimum_one,isotropic,individual_1,14b,512,2.6269975084147745e-10,0.15109060554564627,0.15109060556315299,1.7506718297255475e-11,True
equal_minimum_one,isotropic,union,14b,512,2.6269975084147745e-10,0.15109060554564627,0.15109060556315299,1.7506718297255475e-11,True
equal_minimum_one,isotropic,maximum,14b,512,2.6269975084147745e-10,0.15109060554564627,0.15109060556315299,1.7506718297255475e-11,True
equal_minimum_one,expanding,individual_1,14b,2048,5.0783465349590884e-08,0.13292762911694314,0.13292762915006986,3.312672358646296e-11,True
equal_minimum_one,expanding,union,14b,2048,5.0783465349590884e-08,0.13292762911694314,0.13292762915006986,3.312672358646296e-11,True
equal_minimum_one,expanding,maximum,14b,2048,5.0783465349590884e-08,0.13292762911694314,0.13292762915006986,3.312672358646296e-11,True
equal_minimum_one,constant_width,individual_1,14b,2048,4.757736189742179e-08,0.1053485361074352,0.10534853579192392,3.1551128376605675e-10,True
equal_minimum_one,constant_width,union,14b,2048,4.757736189742179e-08,0.1053485361074352,0.10534853579192392,3.1551128376605675e-10,True
equal_minimum_one,constant_width,maximum,14b,2048,4.757736189742179e-08,0.1053485361074352,0.10534853579192392,3.1551128376605675e-10,True
equal_minimum_three,isotropic,individual_1,14b,512,1.8955264025066754e-09,0.15109060554564627,0.15109060556315299,1.7506718297255475e-11,True
equal_minimum_three,isotropic,individual_2,14b,512,1.8955264025066754e-09,0.15203460294462212,0.15203460294466228,4.016231791581504e-14,True
equal_minimum_three,isotropic,individual_3,14b,512,1.8955264025066754e-09,0.15109060554564627,0.15109060556315299,1.7506718297255475e-11,True
equal_minimum_three,isotropic,union,14b,512,1.8955264025066754e-09,0.4268168846242686,0.4268168846593185,3.5049907420869886e-11,True
equal_minimum_three,isotropic,maximum,14b,512,1.8955264025066754e-09,0.3899661789621929,0.3899661788358407,1.2635215096423735e-10,True
equal_minimum_three,expanding,individual_1,14b,8192,8.616717828147102e-08,0.22779054834775647,0.2277905483597546,1.1998124715972835e-11,True
equal_minimum_three,expanding,individual_2,14b,8192,8.616717828147102e-08,0.26121259928295454,0.2612125992282875,5.466704866563532e-11,True
equal_minimum_three,expanding,individual_3,14b,8192,8.616717828147102e-08,0.13292762915918796,0.13292762915006986,9.118095167792717e-12,True
equal_minimum_three,expanding,union,14b,8192,8.616717828147102e-08,0.45823835653981,0.4582383565139886,2.5821400573278197e-11,True
equal_minimum_three,expanding,maximum,14c,8192,8.616717828147102e-08,0.37006332722802343,0.37006331847771207,8.750311364380536e-09,True
equal_minimum_three,constant_width,individual_1,14b,8192,4.9805085222676126e-08,0.0808052806116531,0.08080528061931033,7.65723595641532e-12,True
equal_minimum_three,constant_width,individual_2,14b,8192,4.9805085222676126e-08,0.15016022527435288,0.1501602252239141,5.043879203192603e-11,True
equal_minimum_three,constant_width,individual_3,14b,8192,4.9805085222676126e-08,0.10534853580525703,0.10534853579192392,1.3333112391933355e-11,True
equal_minimum_three,constant_width,union,14b,8192,4.9805085222676126e-08,0.30583584976936745,0.3058358497258181,4.3549330808190234e-11,True
equal_minimum_three,constant_width,maximum,14c,8192,4.9805085222676126e-08,0.27105051514560097,0.2710505198910037,4.7454027374271845e-09,True
star_edge_1,isotropic,individual_1,14b,512,6.867130675214383e-08,0.11848451632553929,0.1184845163477458,2.2206514405098687e-11,True
star_edge_1,isotropic,individual_2,14b,512,6.867130675214383e-08,0.1946554623696369,0.19465546225129762,1.1833928281745898e-10,True
star_edge_1,isotropic,individual_3,14b,512,6.867130675214383e-08,1.903240430963621e-15,1.9032404275524727e-15,3.411148150146007e-24,True
star_edge_1,isotropic,individual_4,14b,512,6.867130675214383e-08,6.231286470596216e-06,6.231284694420956e-06,1.7761752601003146e-12,True
star_edge_1,isotropic,union,14b,512,6.867130675214383e-08,0.3131457185188808,0.3131457184209646,9.791617516796691e-11,True
star_edge_1,isotropic,maximum,14b,512,6.867130675214383e-08,0.31312507862204436,0.31312507652396643,2.098077933609943e-09,True
star_edge_1,expanding,individual_1,14b,4096,3.9777865279422286e-08,0.14090434732148907,0.14090434760793316,2.864440906691357e-10,True
star_edge_1,expanding,individual_2,14b,4096,3.9777865279422286e-08,0.07763932027405822,0.07763932022500211,4.905610639927005e-11,True
star_edge_1,expanding,individual_3,14b,4096,3.9777865279422286e-08,0.0,0.0,0.0,True
star_edge_1,expanding,individual_4,14b,4096,3.9777865279422286e-08,0.0,0.0,0.0,True
star_edge_1,expanding,union,14b,4096,3.9777865279422286e-08,0.21053456907959464,0.21053456931800152,2.3840687757292756e-10,True
star_edge_1,expanding,maximum,14c,4096,3.9777865279422286e-08,0.2087599494745456,0.20875990789799737,4.1576548232002963e-08,True
star_edge_1,constant_width,individual_1,14b,4096,5.7893950328180566e-09,0.04256167739837771,0.04256167763870752,2.4032980466826004e-10,True
star_edge_1,constant_width,individual_2,14b,4096,5.7893950328180566e-09,0.07763932027405822,0.07763932022500211,4.905610639927005e-11,True
star_edge_1,constant_width,individual_3,14b,4096,5.7893950328180566e-09,0.0,0.0,0.0,True
star_edge_1,constant_width,individual_4,14b,4096,5.7893950328180566e-09,0.0,0.0,0.0,True
star_edge_1,constant_width,union,14b,4096,5.7893950328180566e-09,0.12020011277253273,0.12020011296378928,1.9125655226215343e-10,True
star_edge_1,constant_width,maximum,14b,4096,5.7893950328180566e-09,0.12019943993295512,0.12019944258607376,2.653118641449126e-09,True
star_edge_2,isotropic,individual_1,14b,512,8.461701339612659e-10,0.199285036099575,0.1992850361559531,5.6378096635611996e-11,True
star_edge_2,isotropic,individual_2,14b,512,8.461701339612659e-10,8.032435568810158e-06,8.032435569258033e-06,4.478754471242893e-16,True
star_edge_2,isotropic,individual_3,14b,512,8.461701339612659e-10,8.032435568810158e-06,8.032435569258033e-06,4.478754471242893e-16,True
star_edge_2,isotropic,individual_4,14b,512,8.461701339612659e-10,6.31328016935915e-06,6.313278656484485e-06,1.5128746652586325e-12,True
star_edge_2,isotropic,union,14b,512,8.461701339612659e-10,0.19930684594379058,0.19930684599864648,5.485589760212406e-11,True
star_edge_2,isotropic,maximum,14b,512,8.461701339612659e-10,0.19929255152896672,0.19929255160112527,7.215855690745343e-11,True
star_edge_2,expanding,individual_1,14b,2048,6.657516382624351e-08,0.7800000157174812,0.78,1.5717481205435035e-08,True
star_edge_2,expanding,individual_2,14b,2048,6.657516382624351e-08,8.255276221424821e-07,8.255276562618209e-07,3.411933880703168e-14,True
star_edge_2,expanding,individual_3,14b,2048,6.657516382624351e-08,8.255276221424821e-07,8.255276562618209e-07,3.411933880703168e-14,True
star_edge_2,expanding,individual_4,14b,2048,6.657516382624351e-08,0.0,0.0,0.0,True
star_edge_2,expanding,union,14b,2048,6.657516382624351e-08,0.7800000157174812,0.78,1.5717481205435035e-08,True
star_edge_2,expanding,maximum,14b,2048,6.657516382624351e-08,0.7800000157174812,0.78,1.5717481205435035e-08,True
star_edge_2,constant_width,individual_1,14b,2048,6.657516382624351e-08,0.7800000157174812,0.78,1.5717481205435035e-08,True
star_edge_2,constant_width,individual_2,14b,2048,6.657516382624351e-08,5.3891719699959285e-08,5.389170311119383e-08,1.6588765453278867e-14,True
star_edge_2,constant_width,individual_3,14b,2048,6.657516382624351e-08,5.3891719699959285e-08,5.389170311119383e-08,1.6588765453278867e-14,True
star_edge_2,constant_width,individual_4,14b,2048,6.657516382624351e-08,0.0,0.0,0.0,True
star_edge_2,constant_width,union,14b,2048,6.657516382624351e-08,0.7800000157174812,0.78,1.5717481205435035e-08,True
star_edge_2,constant_width,maximum,14b,2048,6.657516382624351e-08,0.7800000157174812,0.78,1.5717481205435035e-08,True
star_edge_3,isotropic,individual_1,14b,512,6.867130675214383e-08,0.11848451632553929,0.1184845163477458,2.2206514405098687e-11,True
star_edge_3,isotropic,individual_2,14b,512,6.867130675214383e-08,1.903240430963621e-15,1.9032404275524727e-15,3.411148150146007e-24,True
star_edge_3,isotropic,individual_3,14b,512,6.867130675214383e-08,0.1946554623696369,0.19465546225129762,1.1833928281745898e-10,True
star_edge_3,isotropic,individual_4,14b,512,6.867130675214383e-08,1.0247796736349103e-05,1.0247796586722702e-05,1.4962640162790274e-13,True
star_edge_3,isotropic,union,14b,512,6.867130675214383e-08,0.3131491764571914,0.31314917636090905,9.628237096492853e-11,True
star_edge_3,isotropic,maximum,14b,512,6.867130675214383e-08,0.31312507862204436,0.31312507652396643,2.098077933609943e-09,True
star_edge_3,expanding,individual_1,14b,4096,3.9777865279422286e-08,0.14090434732148907,0.14090434760793316,2.864440906691357e-10,True
star_edge_3,expanding,individual_2,14b,4096,3.9777865279422286e-08,0.0,0.0,0.0,True
star_edge_3,expanding,individual_3,14b,4096,3.9777865279422286e-08,0.07763932027405822,0.07763932022500211,4.905610639927005e-11,True
star_edge_3,expanding,individual_4,14b,4096,3.9777865279422286e-08,0.0,0.0,0.0,True
star_edge_3,expanding,union,14b,4096,3.9777865279422286e-08,0.21053456907959464,0.21053456931800152,2.3840687757292756e-10,True
star_edge_3,expanding,maximum,14c,4096,3.9777865279422286e-08,0.2087599494745456,0.20875990789799737,4.1576548232002963e-08,True
star_edge_3,constant_width,individual_1,14b,4096,5.7893950328180566e-09,0.04256167739837771,0.04256167763870752,2.4032980466826004e-10,True
star_edge_3,constant_width,individual_2,14b,4096,5.7893950328180566e-09,0.0,0.0,0.0,True
star_edge_3,constant_width,individual_3,14b,4096,5.7893950328180566e-09,0.07763932027405822,0.07763932022500211,4.905610639927005e-11,True
star_edge_3,constant_width,individual_4,14b,4096,5.7893950328180566e-09,0.0,0.0,0.0,True
star_edge_3,constant_width,union,14b,4096,5.7893950328180566e-09,0.12020011277253273,0.12020011296378928,1.9125655226215343e-10,True
star_edge_3,constant_width,maximum,14b,4096,5.7893950328180566e-09,0.12019943993295512,0.12019944258607376,2.653118641449126e-09,True
star_edge_4,isotropic,individual_1,14b,1024,6.806332408793025e-08,0.003041815730725072,0.003041815730551631,1.7344068889424413e-13,True
star_edge_4,isotropic,individual_2,14b,1024,6.806332408793025e-08,1.817737236250923e-24,1.8177371475062362e-24,8.874468657676961e-32,True
star_edge_4,isotropic,individual_3,14b,1024,6.806332408793025e-08,2.9811054672663105e-24,2.9811054488651906e-24,1.8401119874820962e-32,True
star_edge_4,isotropic,individual_4,14b,1024,6.806332408793025e-08,0.41161734248076315,0.41161734248055937,2.0378143616994748e-13,True
star_edge_4,isotropic,union,14b,1024,6.806332408793025e-08,0.41465092463616465,0.4146509246357874,3.772537837676282e-13,True
star_edge_4,isotropic,maximum,14b,1024,6.806332408793025e-08,0.41410846927278877,0.414108459545611,9.727177785467944e-09,True
star_edge_4,expanding,individual_1,14b,1024,8.017297487006303e-08,0.0,0.0,0.0,True
star_edge_4,expanding,individual_2,14b,1024,8.017297487006303e-08,0.0,0.0,0.0,True
star_edge_4,expanding,individual_3,14b,1024,8.017297487006303e-08,0.0,0.0,0.0,True
star_edge_4,expanding,individual_4,14b,1024,8.017297487006303e-08,0.2265808321130849,0.22658080312564893,2.8987435979344056e-08,True
star_edge_4,expanding,union,14b,1024,8.017297487006303e-08,0.2265808321130849,0.22658080312564893,2.8987435979344056e-08,True
star_edge_4,expanding,maximum,14b,1024,8.017297487006303e-08,0.2265808321130849,0.22658080312564893,2.8987435979344056e-08,True
star_edge_4,constant_width,individual_1,14b,1024,7.990998721063569e-08,0.0,0.0,0.0,True
star_edge_4,constant_width,individual_2,14b,1024,7.990998721063569e-08,0.0,0.0,0.0,True
star_edge_4,constant_width,individual_3,14b,1024,7.990998721063569e-08,0.0,0.0,0.0,True
star_edge_4,constant_width,individual_4,14b,1024,7.990998721063569e-08,0.2243752034242107,0.22437517451824526,2.890596542681756e-08,True
star_edge_4,constant_width,union,14b,1024,7.990998721063569e-08,0.2243752034242107,0.22437517451824526,2.890596542681756e-08,True
star_edge_4,constant_width,maximum,14b,1024,7.990998721063569e-08,0.2243752034242107,0.22437517451824526,2.890596542681756e-08,True
