fixture,candidate,historical_status,switch_count,interior_switch_count,endpoint_switch_count,maximizing_defender_count,tie_interval_count,multiway_switch_count,minimum_switch_spacing,piecewise_reference,piecewise_repeat,piecewise_repeat_difference,unsplit_adaptive,unsplit_difference,direct_simpson_65536,direct_difference,historical_direct_32768_65536_difference,split_simpson_32768,split_simpson_65536,split_simpson_difference,split_32768_intervals,split_32768_evaluations,split_65536_intervals,split_65536_evaluations,controlled_intervals,controlled_reference_error,available
axial_1,isotropic,control,0,0,0,1,0,0,1.0,0.0015565322681586188,0.0015565322681586186,2.168404344971009e-19,0.0015565322681586188,0.0,0.0015565322681586186,2.168404344971009e-19,1.3010426069826053e-18,0.0015565322681586199,0.0015565322681586186,1.3010426069826053e-18,32768,32769,65536,65537,512,2.886369680592249e-11,True
axial_1,expanding,control,0,0,0,0,0,0,1.0,0.0,0.0,0.0,0.0,0.0,0.0,0.0,0.0,0.0,0.0,0.0,32768,32769,65536,65537,512,0.0,True
axial_1,constant_width,control,0,0,0,0,0,0,1.0,0.0,0.0,0.0,0.0,0.0,0.0,0.0,0.0,0.0,0.0,0.0,32768,32769,65536,65537,512,0.0,True
axial_2,isotropic,control,0,0,0,1,0,0,1.0,0.2491062951949334,0.24910629519493344,2.7755575615628914e-17,0.2491062951949334,0.0,0.24910629519493344,2.7755575615628914e-17,0.0,0.24910629519493344,0.24910629519493344,0.0,32768,32769,65536,65537,512,2.8863661460931667e-11,True
axial_2,expanding,control,0,0,0,1,0,0,1.0,0.725,0.725,0.0,0.725,0.0,0.7249999999998181,1.8185453143360064e-13,9.092726571680032e-13,0.725,0.725,0.0,32770,32773,65538,65541,2048,4.4567665113959265e-09,True
axial_2,constant_width,control,0,0,0,1,0,0,1.0,0.725,0.725,0.0,0.725,0.0,0.7249999999998181,1.8185453143360064e-13,9.092726571680032e-13,0.725,0.725,0.0,32770,32773,65538,65541,2048,4.4567665113959265e-09,True
axial_3,isotropic,control,0,0,0,1,0,0,1.0,0.12533141373155002,0.12533141373155002,0.0,0.12533141373155002,0.0,0.12533141373155002,0.0,0.0,0.12533141373155002,0.12533141373155002,0.0,32768,32769,65536,65537,512,0.0,True
axial_3,expanding,control,0,0,0,0,0,0,1.0,0.0,0.0,0.0,0.0,0.0,0.0,0.0,0.0,0.0,0.0,0.0,32768,32769,65536,65537,512,0.0,True
axial_3,constant_width,control,0,0,0,0,0,0,1.0,0.0,0.0,0.0,0.0,0.0,0.0,0.0,0.0,0.0,0.0,0.0,32768,32769,65536,65537,512,0.0,True
axial_4,isotropic,control,0,0,0,1,0,0,1.0,0.0015565322681586195,0.0015565322681586192,2.168404344971009e-19,0.0015565322681586195,0.0,0.0015565322681586186,8.673617379884035e-19,1.3010426069826053e-18,0.0015565322681586199,0.0015565322681586186,1.3010426069826053e-18,32768,32769,65536,65537,512,2.8863696155401186e-11,True
axial_4,expanding,control,0,0,0,0,0,0,1.0,0.0,0.0,0.0,0.0,0.0,0.0,0.0,0.0,0.0,0.0,0.0,32768,32769,65536,65537,512,0.0,True
axial_4,constant_width,control,0,0,0,0,0,0,1.0,0.0,0.0,0.0,0.0,0.0,0.0,0.0,0.0,0.0,0.0,0.0,32768,32769,65536,65537,512,0.0,True
lateral_x5_y0,isotropic,control,0,0,0,1,0,0,1.0,0.2491062951949334,0.24910629519493344,2.7755575615628914e-17,0.2491062951949334,0.0,0.24910629519493344,2.7755575615628914e-17,0.0,0.24910629519493344,0.24910629519493344,0.0,32768,32769,65536,65537,512,2.8863661460931667e-11,True
lateral_x5_y0,expanding,control,0,0,0,1,0,0,1.0,0.725,0.725,0.0,0.725,0.0,0.7249999999998181,1.8185453143360064e-13,9.092726571680032e-13,0.725,0.725,0.0,32770,32773,65538,65541,2048,4.4567665113959265e-09,True
lateral_x5_y0,constant_width,control,0,0,0,1,0,0,1.0,0.725,0.725,0.0,0.725,0.0,0.7249999999998181,1.8185453143360064e-13,9.092726571680032e-13,0.725,0.725,0.0,32770,32773,65538,65541,2048,4.4567665113959265e-09,True
lateral_x5_y1,isotropic,control,0,0,0,1,0,0,1.0,0.21983553392385266,0.21983553392385266,0.0,0.21983553392385266,0.0,0.21983553392385266,0.0,0.0,0.21983553392385266,0.21983553392385266,0.0,32768,32769,65536,65537,512,2.547215216530674e-11,True
lateral_x5_y1,expanding,control,0,0,0,1,0,0,1.0,0.5424834469711288,0.5424834469711288,0.0,0.5424834469711288,0.0,0.5424834469713616,2.3281376826389533e-13,7.909228827429615e-13,0.5424834469711289,0.5424834469711288,1.1102230246251565e-16,32770,32773,65538,65541,2048,7.57481488644629e-09,True
lateral_x5_y1,constant_width,control,0,0,0,1,0,0,1.0,0.33600982261474244,0.33600982261474244,0.0,0.33600982261474244,0.0,0.33600982261497364,2.3120394487818885e-13,7.542855229303314e-13,0.33600982261474244,0.3360098226147424,5.551115123125783e-17,32770,32773,65538,65541,2048,7.494428078125281e-09,True
lateral_x5_y2,isotropic,control,0,0,0,1,0,0,1.0,0.15109060556315299,0.15109060556315299,0.0,0.15109060556315299,0.0,0.15109060556315299,0.0,0.0,0.15109060556315299,0.15109060556315299,0.0,32768,32769,65536,65537,512,1.7506718297255475e-11,True
lateral_x5_y2,expanding,control,0,0,0,1,0,0,1.0,0.22779054835975454,0.22779054835975454,0.0,0.22779054835975454,0.0,0.2277905483597581,3.552713678800501e-15,7.085998454670062e-14,0.22779054835975465,0.2277905483597546,5.551115123125783e-17,32772,32775,65538,65541,2048,5.532406754937824e-10,True
lateral_x5_y2,constant_width,control,0,0,0,1,0,0,1.0,0.08080528061931036,0.08080528061931036,0.0,0.08080528061931036,0.0,0.0808052806193247,1.4335754805472334e-14,1.6860124407713784e-13,0.0808052806193105,0.08080528061931036,1.3877787807814457e-16,32772,32775,65538,65541,2048,4.654168578310802e-10,True
lateral_x5_y5,isotropic,control,0,0,0,1,0,0,1.0,0.010944966757152726,0.010944966757152726,0.0,0.010944966757152726,0.0,0.010944966757152725,1.734723475976807e-18,1.734723475976807e-18,0.010944966757152723,0.010944966757152725,1.734723475976807e-18,32768,32769,65536,65537,512,1.2681834749006526e-12,True
lateral_x5_y5,expanding,control,0,0,0,1,0,0,1.0,0.00018246150343912597,0.00018246150343912597,0.0,0.00018246150343912597,0.0,0.00018246150343912,5.9631119486702744e-18,2.593140546042205e-16,0.00018246150343912657,0.00018246150343912603,5.421010862427522e-19,32770,32773,65538,65541,512,4.059642162365651e-11,True
lateral_x5_y5,constant_width,control,0,0,0,1,0,0,1.0,2.983832874249849e-05,2.983832874249849e-05,0.0,2.983832874249849e-05,0.0,2.983832874249688e-05,1.6093625997831706e-18,7.386466113236401e-17,2.9838328742499736e-05,2.9838328742498563e-05,1.1722935989999517e-18,32770,32773,65538,65541,512,6.4957665880601995e-12,True
lateral_x10_y0,isotropic,control,0,0,0,1,0,0,1.0,0.25066268375731304,0.25066268375731304,0.0,0.25066268375731304,0.0,0.2506626837573131,5.551115123125783e-17,5.551115123125783e-17,0.25066268375731304,0.2506626837573131,5.551115123125783e-17,32768,32769,65536,65537,512,6.622480341889059e-14,True
lateral_x10_y0,expanding,control,0,0,0,1,0,0,1.0,0.475,0.475,0.0,0.475,0.0,0.4749999999998182,1.8179902028236938e-13,9.093836794704657e-13,0.475,0.475,0.0,32770,32773,65538,65541,2048,4.456766566907078e-09,True
lateral_x10_y0,constant_width,control,0,0,0,1,0,0,1.0,0.475,0.475,0.0,0.475,0.0,0.4749999999998182,1.8179902028236938e-13,9.093836794704657e-13,0.475,0.475,0.0,32770,32773,65538,65541,2048,4.456766566907078e-09,True
lateral_x10_y1,isotropic,control,0,0,0,1,0,0,1.0,0.22120904200937072,0.22120904200937072,0.0,0.22120904200937072,0.0,0.22120904200937072,0.0,2.7755575615628914e-17,0.22120904200937075,0.22120904200937072,2.7755575615628914e-17,32768,32769,65536,65537,512,5.845324224651449e-14,True
lateral_x10_y1,expanding,control,0,0,0,1,0,0,1.0,0.4101291151321267,0.4101291151321267,0.0,0.4101291151321267,0.0,0.410129115132065,6.167288901792745e-14,7.110978472724128e-13,0.41012911513212674,0.41012911513212674,0.0,32770,32773,65538,65541,2048,2.682646826901447e-09,True
lateral_x10_y1,constant_width,control,0,0,0,1,0,0,1.0,0.350354895289881,0.350354895289881,0.0,0.350354895289881,0.0,0.3503548952898228,5.823119764158946e-14,6.914468997365475e-13,0.3503548952898811,0.35035489528988106,5.551115123125783e-17,32770,32773,65538,65541,2048,2.5781770052191177e-09,True
lateral_x10_y2,isotropic,control,0,0,0,1,0,0,1.0,0.15203460294466228,0.15203460294466228,0.0,0.15203460294466228,0.0,0.15203460294466228,0.0,0.0,0.15203460294466228,0.15203460294466228,0.0,32768,32769,65536,65537,512,4.016231791581504e-14,True
lateral_x10_y2,expanding,control,0,0,0,1,0,0,1.0,0.26121259922828755,0.26121259922828755,0.0,0.26121259922828755,0.0,0.26121259922808887,1.9867441025667176e-13,9.383605004131823e-13,0.2612125992282875,0.2612125992282875,0.0,32770,32773,65538,65541,2048,2.8292931886220174e-09,True
lateral_x10_y2,constant_width,control,0,0,0,1,0,0,1.0,0.15016022522391403,0.15016022522391403,0.0,0.15016022522391403,0.0,0.1501602252237229,1.911248936892207e-13,9.511835763476029e-13,0.15016022522391412,0.15016022522391403,8.326672684688674e-17,32770,32773,65538,65541,2048,2.469001197935583e-09,True
lateral_x10_y5,isotropic,control,0,0,0,1,0,0,1.0,0.011013349698110228,0.011013349698110231,3.469446951953614e-18,0.011013349698110228,0.0,0.011013349698110228,0.0,0.0,0.011013349698110228,0.011013349698110228,0.0,32768,32769,65536,65537,512,2.9091312692131055e-15,True
lateral_x10_y5,expanding,control,0,0,0,1,0,0,1.0,0.006801862045462981,0.006801862045462981,0.0,0.006801862045462981,0.0,0.006801862045465341,2.360091289066446e-15,4.115631446754975e-15,0.0068018620454629785,0.006801862045462978,8.673617379884035e-19,32770,32773,65538,65541,512,6.804074611892197e-09,True
lateral_x10_y5,constant_width,control,0,0,0,1,0,0,1.0,0.0009929264426254219,0.0009929264426254219,0.0,0.0009929264426254219,0.0,0.0009929264426265713,1.1494711432691318e-15,2.0153149982160556e-15,0.0009929264426254357,0.0009929264426254227,1.3010426069826053e-17,32770,32773,65538,65541,512,3.153844285990609e-09,True
lateral_x15_y0,isotropic,control,0,0,0,1,0,0,1.0,0.2491062951949334,0.24910629519493344,2.7755575615628914e-17,0.2491062951949334,0.0,0.24910629519493344,2.7755575615628914e-17,0.0,0.24910629519493344,0.24910629519493344,0.0,32768,32769,65536,65537,512,2.8863661460931667e-11,True
lateral_x15_y0,expanding,control,0,0,0,1,0,0,1.0,0.225,0.225,0.0,0.225,0.0,0.22499999999981815,1.8185453143360064e-13,9.093281683192345e-13,0.225,0.225,0.0,32770,32773,65538,65541,2048,4.456766566907078e-09,True
lateral_x15_y0,constant_width,control,0,0,0,1,0,0,1.0,0.225,0.225,0.0,0.225,0.0,0.22499999999981815,1.8185453143360064e-13,9.093281683192345e-13,0.225,0.225,0.0,32770,32773,65538,65541,2048,4.456766566907078e-09,True
lateral_x15_y1,isotropic,control,0,0,0,1,0,0,1.0,0.21983553392385263,0.21983553392385263,0.0,0.21983553392385263,0.0,0.21983553392385266,2.7755575615628914e-17,0.0,0.21983553392385266,0.21983553392385266,0.0,32768,32769,65536,65537,512,2.5472124409731123e-11,True
lateral_x15_y1,expanding,control,0,0,0,1,0,0,1.0,0.1976549180262912,0.1976549180262912,0.0,0.1976549180262912,0.0,0.19765491802598623,3.049782648645305e-13,3.092109901459139e-12,0.19765491802629118,0.19765491802629118,0.0,32772,32775,65540,65543,2048,6.871585522816304e-10,True
lateral_x15_y1,constant_width,control,0,0,0,1,0,0,1.0,0.18595620765280052,0.18595620765280052,0.0,0.18595620765280052,0.0,0.18595620765249918,3.013422844588831e-13,3.0569435871541373e-12,0.18595620765280052,0.1859562076528005,2.7755575615628914e-17,32772,32775,65540,65543,2048,5.640806433060419e-10,True
lateral_x15_y2,isotropic,control,0,0,0,1,0,0,1.0,0.15109060556315299,0.15109060556315299,0.0,0.15109060556315299,0.0,0.15109060556315299,0.0,0.0,0.15109060556315299,0.15109060556315299,0.0,32768,32769,65536,65537,512,1.7506718297255475e-11,True
lateral_x15_y2,expanding,control,0,0,0,1,0,0,1.0,0.13292762915006986,0.13292762915006986,0.0,0.13292762915006986,0.0,0.1329276291501726,1.0272338535344261e-13,4.107547635356923e-13,0.13292762915006986,0.1329276291500699,2.7755575615628914e-17,32772,32775,65538,65541,2048,3.312672358646296e-11,True
lateral_x15_y2,constant_width,control,0,0,0,1,0,0,1.0,0.10534853579192392,0.10534853579192392,0.0,0.10534853579192392,0.0,0.10534853579201982,9.58955137519979e-14,4.218014826307126e-13,0.105348535791924,0.10534853579192394,6.938893903907228e-17,32772,32775,65538,65541,2048,3.1551128376605675e-10,True
lateral_x15_y5,isotropic,control,0,0,0,1,0,0,1.0,0.010944966757152723,0.010944966757152723,0.0,0.010944966757152723,0.0,0.010944966757152725,1.734723475976807e-18,1.734723475976807e-18,0.010944966757152723,0.010944966757152725,1.734723475976807e-18,32768,32769,65536,65537,512,1.2681800054537007e-12,True
lateral_x15_y5,expanding,control,0,0,0,1,0,0,1.0,0.005675551071220195,0.005675551071220195,0.0,0.005675551071220195,0.0,0.0056755510712328495,1.2654807757250808e-14,3.532070469436377e-14,0.005675551071220185,0.005675551071220194,8.673617379884035e-18,32772,32775,65540,65543,512,4.901983142319155e-09,True
lateral_x15_y5,constant_width,control,0,0,0,1,0,0,1.0,0.0019930139797117987,0.0019930139797117987,0.0,0.0019930139797117987,0.0,0.00199301397972136,9.561362118715167e-15,4.33737247507171e-14,0.001993013979711817,0.0019930139797118005,1.6479873021779667e-17,32772,32775,65540,65543,512,8.330824713669721e-09,True
depth_x4_y0,isotropic,control,0,0,0,1,0,0,1.0,0.3789117978370149,0.3789117978370149,0.0,0.3789117978370149,0.0,0.3789117978370149,0.0,0.0,0.3789117978370149,0.3789117978370149,0.0,32768,32769,65536,65537,512,1.0156320229270932e-12,True
depth_x4_y0,expanding,control,0,0,0,0,0,0,1.0,0.0,0.0,0.0,0.0,0.0,0.0,0.0,0.0,0.0,0.0,0.0,32768,32769,65536,65537,512,0.0,True
depth_x4_y0,constant_width,control,0,0,0,0,0,0,1.0,0.0,0.0,0.0,0.0,0.0,0.0,0.0,0.0,0.0,0.0,0.0,32768,32769,65536,65537,512,0.0,True
depth_x4_y2,isotropic,control,0,0,0,1,0,0,1.0,0.29240902120617424,0.29240902120617424,0.0,0.29240902120617424,0.0,0.29240902120617424,0.0,0.0,0.29240902120617424,0.29240902120617424,0.0,32768,32769,65536,65537,512,1.7763568394002505e-13,True
depth_x4_y2,expanding,control,0,0,0,0,0,0,1.0,0.0,0.0,0.0,0.0,0.0,0.0,0.0,0.0,0.0,0.0,0.0,32768,32769,65536,65537,512,0.0,True
depth_x4_y2,constant_width,control,0,0,0,0,0,0,1.0,0.0,0.0,0.0,0.0,0.0,0.0,0.0,0.0,0.0,0.0,0.0,32768,32769,65536,65537,512,0.0,True
depth_x5_y0,isotropic,control,0,0,0,1,0,0,1.0,0.4950995258535656,0.4950995258535656,0.0,0.4950995258535656,0.0,0.4950995258535656,0.0,0.0,0.4950995258535656,0.4950995258535656,0.0,32768,32769,65536,65537,512,4.5086157030027607e-13,True
depth_x5_y0,expanding,control,0,0,0,0,0,0,1.0,0.0,0.0,0.0,0.0,0.0,0.0,0.0,0.0,0.0,0.0,0.0,32768,32769,65536,65537,512,0.0,True
depth_x5_y0,constant_width,control,0,0,0,0,0,0,1.0,0.0,0.0,0.0,0.0,0.0,0.0,0.0,0.0,0.0,0.0,0.0,32768,32769,65536,65537,512,0.0,True
depth_x5_y2,isotropic,control,0,0,0,1,0,0,1.0,0.38395969656191453,0.38395969656191453,0.0,0.38395969656191453,0.0,0.3839596965619145,5.551115123125783e-17,5.551115123125783e-17,0.38395969656191453,0.3839596965619145,5.551115123125783e-17,32768,32769,65536,65537,512,6.331046797924955e-13,True
depth_x5_y2,expanding,control,0,0,0,0,0,0,1.0,0.0,0.0,0.0,0.0,0.0,0.0,0.0,0.0,0.0,0.0,0.0,32768,32769,65536,65537,512,0.0,True
depth_x5_y2,constant_width,control,0,0,0,0,0,0,1.0,0.0,0.0,0.0,0.0,0.0,0.0,0.0,0.0,0.0,0.0,0.0,32768,32769,65536,65537,512,0.0,True
depth_x5.5_y0,isotropic,control,0,0,0,1,0,0,1.0,0.5400614114456971,0.5400614114456971,0.0,0.5400614114456971,0.0,0.5400614114456971,0.0,0.0,0.5400614114456971,0.5400614114456971,0.0,32768,32769,65536,65537,512,5.964118088286341e-13,True
depth_x5.5_y0,expanding,control,0,0,0,1,0,0,1.0,0.017045454545454575,0.017045454545454575,0.0,0.017045454545454575,0.0,0.01704545454545164,2.9351521213527576e-15,6.747727376854584e-14,0.017045454545454548,0.017045454545454548,0.0,32770,32772,65538,65540,1024,2.1407576336618384e-09,True
depth_x5.5_y0,constant_width,control,0,0,0,1,0,0,1.0,0.017045454545454575,0.017045454545454575,0.0,0.017045454545454575,0.0,0.01704545454545164,2.9351521213527576e-15,6.747727376854584e-14,0.017045454545454548,0.017045454545454548,0.0,32770,32772,65538,65540,1024,2.1407576336618384e-09,True
depth_x5.5_y2,isotropic,control,0,0,0,1,0,0,1.0,0.4213509528614912,0.4213509528614912,0.0,0.4213509528614912,0.0,0.4213509528614912,0.0,0.0,0.4213509528614912,0.4213509528614912,0.0,32768,32769,65536,65537,512,1.3048451208419465e-12,True
depth_x5.5_y2,expanding,control,0,0,0,1,0,0,1.0,0.01090533553559732,0.01090533553559732,0.0,0.01090533553559732,0.0,0.010905335535595383,1.9376861226660935e-15,4.4636169760359223e-14,0.010905335535597306,0.010905335535597306,0.0,32770,32772,65538,65540,1024,1.4170967142790314e-09,True
depth_x5.5_y2,constant_width,control,0,0,0,1,0,0,1.0,0.01058907344975959,0.01058907344975959,0.0,0.01058907344975959,0.0,0.010589073449757652,1.9376861226660935e-15,4.4636169760359223e-14,0.010589073449759576,0.010589073449759576,0.0,32770,32772,65538,65540,1024,1.4178824364607934e-09,True
depth_x6_y0,isotropic,control,0,0,0,1,0,0,1.0,0.5725580111979328,0.5725580111979328,0.0,0.5725580111979328,0.0,0.5725580111979328,0.0,0.0,0.5725580111979328,0.5725580111979328,0.0,32768,32769,65536,65537,512,1.8693935288638386e-12,True
depth_x6_y0,expanding,control,0,0,0,1,0,0,1.0,0.08333333333333336,0.08333333333333336,0.0,0.08333333333333336,0.0,0.08333333333335229,1.892930256985892e-14,1.7055801215803967e-13,0.08333333333333333,0.08333333333333333,0.0,32770,32772,65538,65540,1024,4.947651149889154e-09,True
depth_x6_y0,constant_width,control,0,0,0,1,0,0,1.0,0.08333333333333336,0.08333333333333336,0.0,0.08333333333333336,0.0,0.08333333333335229,1.892930256985892e-14,1.7055801215803967e-13,0.08333333333333333,0.08333333333333333,0.0,32770,32772,65538,65540,1024,4.947651149889154e-09,True
depth_x6_y2,isotropic,control,0,0,0,1,0,0,1.0,0.4503414798201268,0.4503414798201268,0.0,0.4503414798201268,0.0,0.4503414798201268,0.0,0.0,0.4503414798201268,0.4503414798201268,0.0,32768,32769,65536,65537,512,1.8700596626786137e-12,True
depth_x6_y2,expanding,control,0,0,0,1,0,0,1.0,0.05585569023282207,0.05585569023282207,0.0,0.05585569023282207,0.0,0.05585569023283544,1.3371248552829229e-14,1.2051470932306074e-13,0.05585569023282206,0.05585569023282206,0.0,32770,32772,65538,65540,1024,3.4973227161505527e-09,True
depth_x6_y2,constant_width,control,0,0,0,1,0,0,1.0,0.053065731461139756,0.053065731461139756,0.0,0.053065731461139756,0.0,0.05306573146115314,1.3385126340637044e-14,1.2051470932306074e-13,0.053065731461139756,0.05306573146113975,6.938893903907228e-18,32770,32772,65538,65540,1024,3.4986134336834063e-09,True
depth_x10_y0,isotropic,control,0,0,0,1,0,0,1.0,0.4950995258535656,0.4950995258535656,0.0,0.4950995258535656,0.0,0.4950995258535656,0.0,0.0,0.4950995258535656,0.4950995258535656,0.0,32768,32769,65536,65537,512,7.21522841473643e-12,True
depth_x10_y0,expanding,control,0,0,0,1,0,0,1.0,0.45000000000000007,0.45000000000000007,0.0,0.45000000000000007,0.0,0.4500000000000341,3.402833570476105e-14,3.977929097231936e-13,0.45,0.45,0.0,32770,32773,65538,65541,2048,1.4823551830467352e-09,True
depth_x10_y0,constant_width,control,0,0,0,1,0,0,1.0,0.45000000000000007,0.45000000000000007,0.0,0.45000000000000007,0.0,0.4500000000000341,3.402833570476105e-14,3.977929097231936e-13,0.45,0.45,0.0,32770,32773,65538,65541,2048,1.4823551830467352e-09,True
depth_x10_y2,isotropic,control,0,0,0,1,0,0,1.0,0.4310493951012878,0.4310493951012878,0.0,0.4310493951012878,0.0,0.43104939510128776,5.551115123125783e-17,1.1102230246251565e-16,0.43104939510128787,0.43104939510128776,1.1102230246251565e-16,32768,32769,65536,65537,512,6.506517546966961e-12,True
depth_x10_y2,expanding,control,0,0,0,1,0,0,1.0,0.371253708224495,0.371253708224495,0.0,0.371253708224495,0.0,0.37125370822452425,2.9254376698872875e-14,3.4161562467716067e-13,0.371253708224495,0.371253708224495,0.0,32770,32773,65538,65541,1024,7.651736744218596e-09,True
depth_x10_y2,constant_width,control,0,0,0,1,0,0,1.0,0.33225752895577393,0.33225752895577393,0.0,0.33225752895577393,0.0,0.33225752895580235,2.842170943040401e-14,3.322342401190781e-13,0.33225752895577393,0.3322575289557739,5.551115123125783e-17,32770,32773,65538,65541,1024,7.4358549317921074e-09,True
depth_x20_y0,isotropic,control,0,0,0,1,0,0,1.0,0.2491062951949334,0.24910629519493344,2.7755575615628914e-17,0.2491062951949334,0.0,0.24910629519493344,2.7755575615628914e-17,0.0,0.24910629519493344,0.24910629519493344,0.0,32768,32769,65536,65537,512,2.8863661460931667e-11,True
depth_x20_y0,expanding,control,0,0,0,1,0,0,1.0,0.725,0.725,0.0,0.725,0.0,0.7249999999998181,1.8185453143360064e-13,9.092726571680032e-13,0.725,0.725,0.0,32770,32773,65538,65541,2048,4.4567665113959265e-09,True
depth_x20_y0,constant_width,control,0,0,0,1,0,0,1.0,0.725,0.725,0.0,0.725,0.0,0.7249999999998181,1.8185453143360064e-13,9.092726571680032e-13,0.725,0.725,0.0,32770,32773,65538,65541,2048,4.4567665113959265e-09,True
depth_x20_y2,isotropic,control,0,0,0,1,0,0,1.0,0.24026480112601672,0.24026480112601672,0.0,0.24026480112601672,0.0,0.24026480112601675,2.7755575615628914e-17,0.0,0.24026480112601675,0.24026480112601675,0.0,32768,32769,65536,65537,512,2.859740222405094e-11,True
depth_x20_y2,expanding,control,0,0,0,1,0,0,1.0,0.676710680048975,0.676710680048975,0.0,0.676710680048975,0.0,0.6767106800488,1.7508217098338719e-13,8.752998326144734e-13,0.6767106800489749,0.6767106800489749,0.0,32770,32773,65538,65541,2048,4.289910870980407e-09,True
depth_x20_y2,constant_width,control,0,0,0,1,0,0,1.0,0.5840681186870849,0.5840681186870849,0.0,0.5840681186870849,0.0,0.5840681186869111,1.73749903353837e-13,8.693046282814976e-13,0.5840681186870849,0.5840681186870849,0.0,32770,32773,65538,65541,2048,4.259351649160692e-09,True
depth_x40_y0,isotropic,control,0,0,0,1,0,0,1.0,0.1245531475974707,0.12455314759747071,1.3877787807814457e-17,0.1245531475974707,0.0,0.12455314759747071,1.3877787807814457e-17,1.3877787807814457e-17,0.1245531475974707,0.12455314759747071,1.3877787807814457e-17,32768,32769,65536,65537,512,2.3099117063551944e-10,True
depth_x40_y0,expanding,control,0,0,0,1,0,0,1.0,0.8624999999999999,0.8624999999999999,0.0,0.8624999999999999,0.0,0.8624999999994545,5.454525719983394e-13,6.373901406675486e-12,0.8624999999999999,0.8624999999999999,0.0,32770,32773,65538,65541,4096,2.2283832556979632e-09,True
depth_x40_y0,constant_width,control,0,0,0,1,0,0,1.0,0.8624999999999999,0.8624999999999999,0.0,0.8624999999999999,0.0,0.8624999999994545,5.454525719983394e-13,6.373901406675486e-12,0.8624999999999999,0.8624999999999999,0.0,32770,32773,65538,65541,4096,2.2283832556979632e-09,True
depth_x40_y2,isotropic,control,0,0,0,1,0,0,1.0,0.12342526411483155,0.12342526411483155,0.0,0.12342526411483155,0.0,0.12342526411483153,2.7755575615628914e-17,1.3877787807814457e-17,0.12342526411483151,0.12342526411483153,1.3877787807814457e-17,32768,32769,65536,65537,512,2.3045945707345084e-10,True
depth_x40_y2,expanding,control,0,0,0,1,0,0,1.0,0.8429185207578468,0.842918520757847,2.220446049250313e-16,0.8429185207578469,1.1102230246251565e-16,0.8429185207573066,5.402345237826012e-13,6.31361629643834e-12,0.8429185207578471,0.8429185207578468,3.3306690738754696e-16,32770,32773,65538,65541,4096,2.207227067785311e-09,True
depth_x40_y2,constant_width,control,0,0,0,1,0,0,1.0,0.7185585623484995,0.7185585623484995,0.0,0.7185585623484995,0.0,0.7185585623479599,5.395683899678261e-13,6.302625088494551e-12,0.7185585623484994,0.7185585623484992,1.1102230246251565e-16,32770,32773,65538,65541,4096,2.203286775248614e-09,True
equal_minimum_one,isotropic,control,0,0,0,1,0,0,1.0,0.15109060556315299,0.15109060556315299,0.0,0.15109060556315299,0.0,0.15109060556315299,0.0,0.0,0.15109060556315299,0.15109060556315299,0.0,32768,32769,65536,65537,512,1.7506718297255475e-11,True
equal_minimum_one,expanding,control,0,0,0,1,0,0,1.0,0.13292762915006986,0.13292762915006986,0.0,0.13292762915006986,0.0,0.1329276291501726,1.0272338535344261e-13,4.107547635356923e-13,0.13292762915006986,0.1329276291500699,2.7755575615628914e-17,32772,32775,65538,65541,2048,3.312672358646296e-11,True
equal_minimum_one,constant_width,control,0,0,0,1,0,0,1.0,0.10534853579192392,0.10534853579192392,0.0,0.10534853579192392,0.0,0.10534853579201982,9.58955137519979e-14,4.218014826307126e-13,0.105348535791924,0.10534853579192394,6.938893903907228e-17,32772,32775,65538,65541,2048,3.1551128376605675e-10,True
equal_minimum_three,isotropic,control,2,2,0,3,0,0,0.25,0.3899661788358408,0.38996617883584084,5.551115123125783e-17,0.3899661788358407,5.551115123125783e-17,0.38996617883584084,5.551115123125783e-17,0.0,0.3899661788358408,0.3899661788358408,0.0,32768,32771,65536,65539,512,1.2635209545308612e-10,True
star_edge_1,isotropic,control,1,1,0,2,0,0,0.4571428571428573,0.31312507652396493,0.31312507652396493,0.0,0.31312507652396643,1.4988010832439613e-15,0.313125076523919,4.590772206825022e-14,1.6065482277838328e-12,0.31312507652396493,0.31312507652396493,0.0,32770,32772,65538,65540,512,2.0980794324110263e-09,True
star_edge_1,constant_width,control,1,1,0,2,0,0,0.09983666854471973,0.12019944258607347,0.12019944258607347,0.0,0.12019944258607376,2.914335439641036e-16,0.12019944257472014,1.135333493884616e-11,2.139879939910827e-11,0.1201994425860737,0.12019944258607347,2.220446049250313e-16,32774,32780,65542,65548,4096,2.653118350015582e-09,True
star_edge_2,isotropic,control,1,1,0,3,0,1,0.41538461538461535,0.19929255160112516,0.19929255160112513,2.7755575615628914e-17,0.19929255160112527,1.1102230246251565e-16,0.19929255160112636,1.1934897514720433e-15,3.6914915568786455e-15,0.19929255160112516,0.19929255160112513,2.7755575615628914e-17,32770,32772,65538,65540,512,7.215844588515097e-11,True
star_edge_2,expanding,control,0,0,0,1,0,0,1.0,0.78,0.78,0.0,0.78,0.0,0.7799999999999567,4.3298697960381105e-14,5.115907697472721e-13,0.78,0.78,0.0,32772,32777,65540,65545,2048,1.5717481205435035e-08,True
star_edge_2,constant_width,control,0,0,0,1,0,0,1.0,0.78,0.78,0.0,0.78,0.0,0.7799999999999567,4.3298697960381105e-14,5.115907697472721e-13,0.78,0.78,0.0,32772,32777,65540,65545,2048,1.5717481205435035e-08,True
star_edge_3,isotropic,control,1,1,0,2,0,0,0.4571428571428573,0.31312507652396493,0.31312507652396493,0.0,0.31312507652396643,1.4988010832439613e-15,0.313125076523919,4.590772206825022e-14,1.6065482277838328e-12,0.31312507652396493,0.31312507652396493,0.0,32770,32772,65538,65540,512,2.0980794324110263e-09,True
star_edge_3,constant_width,control,1,1,0,2,0,0,0.09983666854471973,0.12019944258607347,0.12019944258607347,0.0,0.12019944258607376,2.914335439641036e-16,0.12019944257472014,1.135333493884616e-11,2.139879939910827e-11,0.1201994425860737,0.12019944258607347,2.220446049250313e-16,32774,32780,65542,65548,4096,2.653118350015582e-09,True
star_edge_4,isotropic,control,1,1,0,2,0,0,0.14285714285714282,0.414108459545611,0.414108459545611,0.0,0.414108459545611,0.0,0.4141084595479862,2.37521113888306e-12,1.6626200416425263e-11,0.414108459545611,0.414108459545611,0.0,32770,32772,65538,65540,1024,9.727177785467944e-09,True
star_edge_4,expanding,control,0,0,0,1,0,0,1.0,0.22658080312564893,0.22658080312564893,0.0,0.22658080312564893,0.0,0.22658080312566728,1.8346435481930712e-14,4.979627821199983e-13,0.22658080312564882,0.22658080312564882,0.0,32770,32773,65538,65541,1024,2.8987435979344056e-08,True
star_edge_4,constant_width,control,0,0,0,1,0,0,1.0,0.22437517451824526,0.22437517451824526,0.0,0.22437517451824526,0.0,0.22437517451826375,1.8485213360008856e-14,4.959366251000574e-13,0.2243751745182452,0.22437517451824518,2.7755575615628914e-17,32770,32773,65538,65541,1024,2.890596542681756e-08,True
