fixture,candidate,component,expected_historical,local_actual,ci_actual,local_expected_equal,local_expected_bitwise_equal,local_expected_absolute_difference,local_expected_relative_difference,local_expected_ulp_distance,ci_available
axial_1,isotropic,individual_1,0.0015565322970223156,0.0015565322970223156,,True,True,0.0,0.0,0,False
axial_1,isotropic,union,0.0015565322970223156,0.0015565322970223156,,True,True,0.0,0.0,0,False
axial_1,isotropic,maximum,0.0015565322970223156,0.0015565322970223156,,True,True,0.0,0.0,0,False
axial_1,expanding,individual_1,0.0,0.0,,True,True,0.0,,0,False
axial_1,expanding,union,0.0,0.0,,True,True,0.0,,0,False
axial_1,expanding,maximum,0.0,0.0,,True,True,0.0,,0,False
axial_1,constant_width,individual_1,0.0,0.0,,True,True,0.0,,0,False
axial_1,constant_width,union,0.0,0.0,,True,True,0.0,,0,False
axial_1,constant_width,maximum,0.0,0.0,,True,True,0.0,,0,False
axial_2,isotropic,individual_1,0.24910629516606975,0.24910629516606975,,True,True,0.0,0.0,0,False
axial_2,isotropic,union,0.24910629516606975,0.24910629516606975,,True,True,0.0,0.0,0,False
axial_2,isotropic,maximum,0.24910629516606975,0.24910629516606975,,True,True,0.0,0.0,0,False
axial_2,expanding,individual_1,0.7249999955432335,0.7249999955432335,,True,True,0.0,0.0,0,False
axial_2,expanding,union,0.7249999955432335,0.7249999955432335,,True,True,0.0,0.0,0,False
axial_2,expanding,maximum,0.7249999955432335,0.7249999955432335,,True,True,0.0,0.0,0,False
axial_2,constant_width,individual_1,0.7249999955432335,0.7249999955432335,,True,True,0.0,0.0,0,False
axial_2,constant_width,union,0.7249999955432335,0.7249999955432335,,True,True,0.0,0.0,0,False
axial_2,constant_width,maximum,0.7249999955432335,0.7249999955432335,,True,True,0.0,0.0,0,False
axial_3,isotropic,individual_1,0.12533141373155002,0.12533141373155002,,True,True,0.0,0.0,0,False
axial_3,isotropic,union,0.12533141373155002,0.12533141373155002,,True,True,0.0,0.0,0,False
axial_3,isotropic,maximum,0.12533141373155002,0.12533141373155002,,True,True,0.0,0.0,0,False
axial_3,expanding,individual_1,0.0,0.0,,True,True,0.0,,0,False
axial_3,expanding,union,0.0,0.0,,True,True,0.0,,0,False
axial_3,expanding,maximum,0.0,0.0,,True,True,0.0,,0,False
axial_3,constant_width,individual_1,0.0,0.0,,True,True,0.0,,0,False
axial_3,constant_width,union,0.0,0.0,,True,True,0.0,,0,False
axial_3,constant_width,maximum,0.0,0.0,,True,True,0.0,,0,False
axial_4,isotropic,individual_1,0.0015565322970223156,0.0015565322970223156,,True,True,0.0,0.0,0,False
axial_4,isotropic,union,0.0015565322970223156,0.0015565322970223156,,True,True,0.0,0.0,0,False
axial_4,isotropic,maximum,0.0015565322970223156,0.0015565322970223156,,True,True,0.0,0.0,0,False
axial_4,expanding,individual_1,0.0,0.0,,True,True,0.0,,0,False
axial_4,expanding,union,0.0,0.0,,True,True,0.0,,0,False
axial_4,expanding,maximum,0.0,0.0,,True,True,0.0,,0,False
axial_4,constant_width,individual_1,0.0,0.0,,True,True,0.0,,0,False
axial_4,constant_width,union,0.0,0.0,,True,True,0.0,,0,False
axial_4,constant_width,maximum,0.0,0.0,,True,True,0.0,,0,False
lateral_x5_y0,isotropic,individual_1,0.24910629516606975,0.24910629516606975,,True,True,0.0,0.0,0,False
lateral_x5_y0,isotropic,union,0.24910629516606975,0.24910629516606975,,True,True,0.0,0.0,0,False
lateral_x5_y0,isotropic,maximum,0.24910629516606975,0.24910629516606975,,True,True,0.0,0.0,0,False
lateral_x5_y0,expanding,individual_1,0.7249999955432335,0.7249999955432335,,True,True,0.0,0.0,0,False
lateral_x5_y0,expanding,union,0.7249999955432335,0.7249999955432335,,True,True,0.0,0.0,0,False
lateral_x5_y0,expanding,maximum,0.7249999955432335,0.7249999955432335,,True,True,0.0,0.0,0,False
lateral_x5_y0,constant_width,individual_1,0.7249999955432335,0.7249999955432335,,True,True,0.0,0.0,0,False
lateral_x5_y0,constant_width,union,0.7249999955432335,0.7249999955432335,,True,True,0.0,0.0,0,False
lateral_x5_y0,constant_width,maximum,0.7249999955432335,0.7249999955432335,,True,True,0.0,0.0,0,False
lateral_x5_y1,isotropic,individual_1,0.2198355338983805,0.2198355338983805,,True,True,0.0,0.0,0,False
lateral_x5_y1,isotropic,union,0.2198355338983805,0.2198355338983805,,True,True,0.0,0.0,0,False
lateral_x5_y1,isotropic,maximum,0.2198355338983805,0.2198355338983805,,True,True,0.0,0.0,0,False
lateral_x5_y1,expanding,individual_1,0.5424834393963139,0.5424834393963139,,True,True,0.0,0.0,0,False
lateral_x5_y1,expanding,union,0.5424834393963139,0.5424834393963139,,True,True,0.0,0.0,0,False
lateral_x5_y1,expanding,maximum,0.5424834393963139,0.5424834393963139,,True,True,0.0,0.0,0,False
lateral_x5_y1,constant_width,individual_1,0.33600981512031436,0.33600981512031436,,True,True,0.0,0.0,0,False
lateral_x5_y1,constant_width,union,0.33600981512031436,0.33600981512031436,,True,True,0.0,0.0,0,False
lateral_x5_y1,constant_width,maximum,0.33600981512031436,0.33600981512031436,,True,True,0.0,0.0,0,False
lateral_x5_y2,isotropic,individual_1,0.15109060554564627,0.15109060554564627,,True,True,0.0,0.0,0,False
lateral_x5_y2,isotropic,union,0.15109060554564627,0.15109060554564627,,True,True,0.0,0.0,0,False
lateral_x5_y2,isotropic,maximum,0.15109060554564627,0.15109060554564627,,True,True,0.0,0.0,0,False
lateral_x5_y2,expanding,individual_1,0.22779054780651387,0.22779054780651387,,True,True,0.0,0.0,0,False
lateral_x5_y2,expanding,union,0.22779054780651387,0.22779054780651387,,True,True,0.0,0.0,0,False
lateral_x5_y2,expanding,maximum,0.22779054780651387,0.22779054780651387,,True,True,0.0,0.0,0,False
lateral_x5_y2,constant_width,individual_1,0.0808052801538935,0.0808052801538935,,True,True,0.0,0.0,0,False
lateral_x5_y2,constant_width,union,0.0808052801538935,0.0808052801538935,,True,True,0.0,0.0,0,False
lateral_x5_y2,constant_width,maximum,0.0808052801538935,0.0808052801538935,,True,True,0.0,0.0,0,False
lateral_x5_y5,isotropic,individual_1,0.010944966755884543,0.010944966755884543,,True,True,0.0,0.0,0,False
lateral_x5_y5,isotropic,union,0.010944966755884543,0.010944966755884543,,True,True,0.0,0.0,0,False
lateral_x5_y5,isotropic,maximum,0.010944966755884543,0.010944966755884543,,True,True,0.0,0.0,0,False
lateral_x5_y5,expanding,individual_1,0.00018246146284270435,0.00018246146284270435,,True,True,0.0,0.0,0,False
lateral_x5_y5,expanding,union,0.00018246146284270435,0.00018246146284270435,,True,True,0.0,0.0,0,False
lateral_x5_y5,expanding,maximum,0.00018246146284270435,0.00018246146284270435,,True,True,0.0,0.0,0,False
lateral_x5_y5,constant_width,individual_1,2.9838335238265077e-05,2.9838335238265077e-05,,True,True,0.0,0.0,0,False
lateral_x5_y5,constant_width,union,2.9838335238265077e-05,2.9838335238265077e-05,,True,True,0.0,0.0,0,False
lateral_x5_y5,constant_width,maximum,2.9838335238265077e-05,2.9838335238265077e-05,,True,True,0.0,0.0,0,False
lateral_x10_y0,isotropic,individual_1,0.2506626837572468,0.2506626837572468,,True,True,0.0,0.0,0,False
lateral_x10_y0,isotropic,union,0.2506626837572468,0.2506626837572468,,True,True,0.0,0.0,0,False
lateral_x10_y0,isotropic,maximum,0.2506626837572468,0.2506626837572468,,True,True,0.0,0.0,0,False
lateral_x10_y0,expanding,individual_1,0.4749999955432334,0.4749999955432334,,True,True,0.0,0.0,0,False
lateral_x10_y0,expanding,union,0.4749999955432334,0.4749999955432334,,True,True,0.0,0.0,0,False
lateral_x10_y0,expanding,maximum,0.4749999955432334,0.4749999955432334,,True,True,0.0,0.0,0,False
lateral_x10_y0,constant_width,individual_1,0.4749999955432334,0.4749999955432334,,True,True,0.0,0.0,0,False
lateral_x10_y0,constant_width,union,0.4749999955432334,0.4749999955432334,,True,True,0.0,0.0,0,False
lateral_x10_y0,constant_width,maximum,0.4749999955432334,0.4749999955432334,,True,True,0.0,0.0,0,False
lateral_x10_y1,isotropic,individual_1,0.22120904200931227,0.22120904200931227,,True,True,0.0,0.0,0,False
lateral_x10_y1,isotropic,union,0.22120904200931227,0.22120904200931227,,True,True,0.0,0.0,0,False
lateral_x10_y1,isotropic,maximum,0.22120904200931227,0.22120904200931227,,True,True,0.0,0.0,0,False
lateral_x10_y1,expanding,individual_1,0.4101291178147735,0.4101291178147735,,True,True,0.0,0.0,0,False
lateral_x10_y1,expanding,union,0.4101291178147735,0.4101291178147735,,True,True,0.0,0.0,0,False
lateral_x10_y1,expanding,maximum,0.4101291178147735,0.4101291178147735,,True,True,0.0,0.0,0,False
lateral_x10_y1,constant_width,individual_1,0.350354897868058,0.350354897868058,,True,True,0.0,0.0,0,False
lateral_x10_y1,constant_width,union,0.350354897868058,0.350354897868058,,True,True,0.0,0.0,0,False
lateral_x10_y1,constant_width,maximum,0.350354897868058,0.350354897868058,,True,True,0.0,0.0,0,False
lateral_x10_y2,isotropic,individual_1,0.15203460294462212,0.15203460294462212,,True,True,0.0,0.0,0,False
lateral_x10_y2,isotropic,union,0.15203460294462212,0.15203460294462212,,True,True,0.0,0.0,0,False
lateral_x10_y2,isotropic,maximum,0.15203460294462212,0.15203460294462212,,True,True,0.0,0.0,0,False
lateral_x10_y2,expanding,individual_1,0.26121260205758073,0.26121260205758073,,True,True,0.0,0.0,0,False
lateral_x10_y2,expanding,union,0.26121260205758073,0.26121260205758073,,True,True,0.0,0.0,0,False
lateral_x10_y2,expanding,maximum,0.26121260205758073,0.26121260205758073,,True,True,0.0,0.0,0,False
lateral_x10_y2,constant_width,individual_1,0.15016022769291523,0.15016022769291523,,True,True,0.0,0.0,0,False
lateral_x10_y2,constant_width,union,0.15016022769291523,0.15016022769291523,,True,True,0.0,0.0,0,False
lateral_x10_y2,constant_width,maximum,0.15016022769291523,0.15016022769291523,,True,True,0.0,0.0,0,False
lateral_x10_y5,isotropic,individual_1,0.011013349698107319,0.011013349698107319,,True,True,0.0,0.0,0,False
lateral_x10_y5,isotropic,union,0.011013349698107319,0.011013349698107319,,True,True,0.0,0.0,0,False
lateral_x10_y5,isotropic,maximum,0.011013349698107319,0.011013349698107319,,True,True,0.0,0.0,0,False
lateral_x10_y5,expanding,individual_1,0.006801855241388369,0.006801855241388369,,True,True,0.0,0.0,0,False
lateral_x10_y5,expanding,union,0.006801855241388369,0.006801855241388369,,True,True,0.0,0.0,0,False
lateral_x10_y5,expanding,maximum,0.006801855241388369,0.006801855241388369,,True,True,0.0,0.0,0,False
lateral_x10_y5,constant_width,individual_1,0.0009929232887811359,0.0009929232887811359,,True,True,0.0,0.0,0,False
lateral_x10_y5,constant_width,union,0.0009929232887811359,0.0009929232887811359,,True,True,0.0,0.0,0,False
lateral_x10_y5,constant_width,maximum,0.0009929232887811359,0.0009929232887811359,,True,True,0.0,0.0,0,False
lateral_x15_y0,isotropic,individual_1,0.24910629516606975,0.24910629516606975,,True,True,0.0,0.0,0,False
lateral_x15_y0,isotropic,union,0.24910629516606975,0.24910629516606975,,True,True,0.0,0.0,0,False
lateral_x15_y0,isotropic,maximum,0.24910629516606975,0.24910629516606975,,True,True,0.0,0.0,0,False
lateral_x15_y0,expanding,individual_1,0.22499999554323344,0.22499999554323344,,True,True,0.0,0.0,0,False
lateral_x15_y0,expanding,union,0.22499999554323344,0.22499999554323344,,True,True,0.0,0.0,0,False
lateral_x15_y0,expanding,maximum,0.22499999554323344,0.22499999554323344,,True,True,0.0,0.0,0,False
lateral_x15_y0,constant_width,individual_1,0.22499999554323344,0.22499999554323344,,True,True,0.0,0.0,0,False
lateral_x15_y0,constant_width,union,0.22499999554323344,0.22499999554323344,,True,True,0.0,0.0,0,False
lateral_x15_y0,constant_width,maximum,0.22499999554323344,0.22499999554323344,,True,True,0.0,0.0,0,False
lateral_x15_y1,isotropic,individual_1,0.2198355338983805,0.2198355338983805,,True,True,0.0,0.0,0,False
lateral_x15_y1,isotropic,union,0.2198355338983805,0.2198355338983805,,True,True,0.0,0.0,0,False
lateral_x15_y1,isotropic,maximum,0.2198355338983805,0.2198355338983805,,True,True,0.0,0.0,0,False
lateral_x15_y1,expanding,individual_1,0.19765491871344976,0.19765491871344976,,True,True,0.0,0.0,0,False
lateral_x15_y1,expanding,union,0.19765491871344976,0.19765491871344976,,True,True,0.0,0.0,0,False
lateral_x15_y1,expanding,maximum,0.19765491871344976,0.19765491871344976,,True,True,0.0,0.0,0,False
lateral_x15_y1,constant_width,individual_1,0.18595620821688116,0.18595620821688116,,True,True,0.0,0.0,0,False
lateral_x15_y1,constant_width,union,0.18595620821688116,0.18595620821688116,,True,True,0.0,0.0,0,False
lateral_x15_y1,constant_width,maximum,0.18595620821688116,0.18595620821688116,,True,True,0.0,0.0,0,False
lateral_x15_y2,isotropic,individual_1,0.15109060554564627,0.15109060554564627,,True,True,0.0,0.0,0,False
lateral_x15_y2,isotropic,union,0.15109060554564627,0.15109060554564627,,True,True,0.0,0.0,0,False
lateral_x15_y2,isotropic,maximum,0.15109060554564627,0.15109060554564627,,True,True,0.0,0.0,0,False
lateral_x15_y2,expanding,individual_1,0.13292762911694314,0.13292762911694314,,True,True,0.0,0.0,0,False
lateral_x15_y2,expanding,union,0.13292762911694314,0.13292762911694314,,True,True,0.0,0.0,0,False
lateral_x15_y2,expanding,maximum,0.13292762911694314,0.13292762911694314,,True,True,0.0,0.0,0,False
lateral_x15_y2,constant_width,individual_1,0.1053485361074352,0.1053485361074352,,True,True,0.0,0.0,0,False
lateral_x15_y2,constant_width,union,0.1053485361074352,0.1053485361074352,,True,True,0.0,0.0,0,False
lateral_x15_y2,constant_width,maximum,0.1053485361074352,0.1053485361074352,,True,True,0.0,0.0,0,False
lateral_x15_y5,isotropic,individual_1,0.010944966755884543,0.010944966755884543,,True,True,0.0,0.0,0,False
lateral_x15_y5,isotropic,union,0.010944966755884543,0.010944966755884543,,True,True,0.0,0.0,0,False
lateral_x15_y5,isotropic,maximum,0.010944966755884543,0.010944966755884543,,True,True,0.0,0.0,0,False
lateral_x15_y5,expanding,individual_1,0.005675546169237052,0.005675546169237052,,True,True,0.0,0.0,0,False
lateral_x15_y5,expanding,union,0.005675546169237052,0.005675546169237052,,True,True,0.0,0.0,0,False
lateral_x15_y5,expanding,maximum,0.005675546169237052,0.005675546169237052,,True,True,0.0,0.0,0,False
lateral_x15_y5,constant_width,individual_1,0.001993005648887085,0.001993005648887085,,True,True,0.0,0.0,0,False
lateral_x15_y5,constant_width,union,0.001993005648887085,0.001993005648887085,,True,True,0.0,0.0,0,False
lateral_x15_y5,constant_width,maximum,0.001993005648887085,0.001993005648887085,,True,True,0.0,0.0,0,False
depth_x4_y0,isotropic,individual_1,0.37891179783599926,0.37891179783599926,,True,True,0.0,0.0,0,False
depth_x4_y0,isotropic,union,0.37891179783599926,0.37891179783599926,,True,True,0.0,0.0,0,False
depth_x4_y0,isotropic,maximum,0.37891179783599926,0.37891179783599926,,True,True,0.0,0.0,0,False
depth_x4_y0,expanding,individual_1,0.0,0.0,,True,True,0.0,,0,False
depth_x4_y0,expanding,union,0.0,0.0,,True,True,0.0,,0,False
depth_x4_y0,expanding,maximum,0.0,0.0,,True,True,0.0,,0,False
depth_x4_y0,constant_width,individual_1,0.0,0.0,,True,True,0.0,,0,False
depth_x4_y0,constant_width,union,0.0,0.0,,True,True,0.0,,0,False
depth_x4_y0,constant_width,maximum,0.0,0.0,,True,True,0.0,,0,False
depth_x4_y2,isotropic,individual_1,0.2924090212059966,0.2924090212059966,,True,True,0.0,0.0,0,False
depth_x4_y2,isotropic,union,0.2924090212059966,0.2924090212059966,,True,True,0.0,0.0,0,False
depth_x4_y2,isotropic,maximum,0.2924090212059966,0.2924090212059966,,True,True,0.0,0.0,0,False
depth_x4_y2,expanding,individual_1,0.0,0.0,,True,True,0.0,,0,False
depth_x4_y2,expanding,union,0.0,0.0,,True,True,0.0,,0,False
depth_x4_y2,expanding,maximum,0.0,0.0,,True,True,0.0,,0,False
depth_x4_y2,constant_width,individual_1,0.0,0.0,,True,True,0.0,,0,False
depth_x4_y2,constant_width,union,0.0,0.0,,True,True,0.0,,0,False
depth_x4_y2,constant_width,maximum,0.0,0.0,,True,True,0.0,,0,False
depth_x5_y0,isotropic,individual_1,0.49509952585311473,0.49509952585311473,,True,True,0.0,0.0,0,False
depth_x5_y0,isotropic,union,0.49509952585311473,0.49509952585311473,,True,True,0.0,0.0,0,False
depth_x5_y0,isotropic,maximum,0.49509952585311473,0.49509952585311473,,True,True,0.0,0.0,0,False
depth_x5_y0,expanding,individual_1,0.0,0.0,,True,True,0.0,,0,False
depth_x5_y0,expanding,union,0.0,0.0,,True,True,0.0,,0,False
depth_x5_y0,expanding,maximum,0.0,0.0,,True,True,0.0,,0,False
depth_x5_y0,constant_width,individual_1,0.0,0.0,,True,True,0.0,,0,False
depth_x5_y0,constant_width,union,0.0,0.0,,True,True,0.0,,0,False
depth_x5_y0,constant_width,maximum,0.0,0.0,,True,True,0.0,,0,False
depth_x5_y2,isotropic,individual_1,0.38395969656254764,0.38395969656254764,,True,True,0.0,0.0,0,False
depth_x5_y2,isotropic,union,0.38395969656254764,0.38395969656254764,,True,True,0.0,0.0,0,False
depth_x5_y2,isotropic,maximum,0.38395969656254764,0.38395969656254764,,True,True,0.0,0.0,0,False
depth_x5_y2,expanding,individual_1,0.0,0.0,,True,True,0.0,,0,False
depth_x5_y2,expanding,union,0.0,0.0,,True,True,0.0,,0,False
depth_x5_y2,expanding,maximum,0.0,0.0,,True,True,0.0,,0,False
depth_x5_y2,constant_width,individual_1,0.0,0.0,,True,True,0.0,,0,False
depth_x5_y2,constant_width,union,0.0,0.0,,True,True,0.0,,0,False
depth_x5_y2,constant_width,maximum,0.0,0.0,,True,True,0.0,,0,False
depth_x5.5_y0,isotropic,individual_1,0.5400614114462935,0.5400614114462935,,True,True,0.0,0.0,0,False
depth_x5.5_y0,isotropic,union,0.5400614114462935,0.5400614114462935,,True,True,0.0,0.0,0,False
depth_x5.5_y0,isotropic,maximum,0.5400614114462935,0.5400614114462935,,True,True,0.0,0.0,0,False
depth_x5.5_y0,expanding,individual_1,0.017045452404696942,0.017045452404696942,,True,True,0.0,0.0,0,False
depth_x5.5_y0,expanding,union,0.017045452404696942,0.017045452404696942,,True,True,0.0,0.0,0,False
depth_x5.5_y0,expanding,maximum,0.017045452404696942,0.017045452404696942,,True,True,0.0,0.0,0,False
depth_x5.5_y0,constant_width,individual_1,0.017045452404696942,0.017045452404696942,,True,True,0.0,0.0,0,False
depth_x5.5_y0,constant_width,union,0.017045452404696942,0.017045452404696942,,True,True,0.0,0.0,0,False
depth_x5.5_y0,constant_width,maximum,0.017045452404696942,0.017045452404696942,,True,True,0.0,0.0,0,False
depth_x5.5_y2,isotropic,individual_1,0.42135095286279606,0.42135095286279606,,True,True,0.0,0.0,0,False
depth_x5.5_y2,isotropic,union,0.42135095286279606,0.42135095286279606,,True,True,0.0,0.0,0,False
depth_x5.5_y2,isotropic,maximum,0.42135095286279606,0.42135095286279606,,True,True,0.0,0.0,0,False
depth_x5.5_y2,expanding,individual_1,0.010905334118500606,0.010905334118500606,,True,True,0.0,0.0,0,False
depth_x5.5_y2,expanding,union,0.010905334118500606,0.010905334118500606,,True,True,0.0,0.0,0,False
depth_x5.5_y2,expanding,maximum,0.010905334118500606,0.010905334118500606,,True,True,0.0,0.0,0,False
depth_x5.5_y2,constant_width,individual_1,0.010589072031877153,0.010589072031877153,,True,True,0.0,0.0,0,False
depth_x5.5_y2,constant_width,union,0.010589072031877153,0.010589072031877153,,True,True,0.0,0.0,0,False
depth_x5.5_y2,constant_width,maximum,0.010589072031877153,0.010589072031877153,,True,True,0.0,0.0,0,False
depth_x6_y0,isotropic,individual_1,0.5725580111998022,0.5725580111998022,,True,True,0.0,0.0,0,False
depth_x6_y0,isotropic,union,0.5725580111998022,0.5725580111998022,,True,True,0.0,0.0,0,False
depth_x6_y0,isotropic,maximum,0.5725580111998022,0.5725580111998022,,True,True,0.0,0.0,0,False
depth_x6_y0,expanding,individual_1,0.0833333382809845,0.0833333382809845,,True,True,0.0,0.0,0,False
depth_x6_y0,expanding,union,0.0833333382809845,0.0833333382809845,,True,True,0.0,0.0,0,False
depth_x6_y0,expanding,maximum,0.0833333382809845,0.0833333382809845,,True,True,0.0,0.0,0,False
depth_x6_y0,constant_width,individual_1,0.0833333382809845,0.0833333382809845,,True,True,0.0,0.0,0,False
depth_x6_y0,constant_width,union,0.0833333382809845,0.0833333382809845,,True,True,0.0,0.0,0,False
depth_x6_y0,constant_width,maximum,0.0833333382809845,0.0833333382809845,,True,True,0.0,0.0,0,False
depth_x6_y2,isotropic,individual_1,0.45034147982199685,0.45034147982199685,,True,True,0.0,0.0,0,False
depth_x6_y2,isotropic,union,0.45034147982199685,0.45034147982199685,,True,True,0.0,0.0,0,False
depth_x6_y2,isotropic,maximum,0.45034147982199685,0.45034147982199685,,True,True,0.0,0.0,0,False
depth_x6_y2,expanding,individual_1,0.05585569373014478,0.05585569373014478,,True,True,0.0,0.0,0,False
depth_x6_y2,expanding,union,0.05585569373014478,0.05585569373014478,,True,True,0.0,0.0,0,False
depth_x6_y2,expanding,maximum,0.05585569373014478,0.05585569373014478,,True,True,0.0,0.0,0,False
depth_x6_y2,constant_width,individual_1,0.05306573495975319,0.05306573495975319,,True,True,0.0,0.0,0,False
depth_x6_y2,constant_width,union,0.05306573495975319,0.05306573495975319,,True,True,0.0,0.0,0,False
depth_x6_y2,constant_width,maximum,0.05306573495975319,0.05306573495975319,,True,True,0.0,0.0,0,False
depth_x10_y0,isotropic,individual_1,0.49509952584635036,0.49509952584635036,,True,True,0.0,0.0,0,False
depth_x10_y0,isotropic,union,0.49509952584635036,0.49509952584635036,,True,True,0.0,0.0,0,False
depth_x10_y0,isotropic,maximum,0.49509952584635036,0.49509952584635036,,True,True,0.0,0.0,0,False
depth_x10_y0,expanding,individual_1,0.4499999985176449,0.4499999985176449,,True,True,0.0,0.0,0,False
depth_x10_y0,expanding,union,0.4499999985176449,0.4499999985176449,,True,True,0.0,0.0,0,False
depth_x10_y0,expanding,maximum,0.4499999985176449,0.4499999985176449,,True,True,0.0,0.0,0,False
depth_x10_y0,constant_width,individual_1,0.4499999985176449,0.4499999985176449,,True,True,0.0,0.0,0,False
depth_x10_y0,constant_width,union,0.4499999985176449,0.4499999985176449,,True,True,0.0,0.0,0,False
depth_x10_y0,constant_width,maximum,0.4499999985176449,0.4499999985176449,,True,True,0.0,0.0,0,False
depth_x10_y2,isotropic,individual_1,0.4310493950947813,0.4310493950947813,,True,True,0.0,0.0,0,False
depth_x10_y2,isotropic,union,0.4310493950947813,0.4310493950947813,,True,True,0.0,0.0,0,False
depth_x10_y2,isotropic,maximum,0.4310493950947813,0.4310493950947813,,True,True,0.0,0.0,0,False
depth_x10_y2,expanding,individual_1,0.37125370057275825,0.37125370057275825,,True,True,0.0,0.0,0,False
depth_x10_y2,expanding,union,0.37125370057275825,0.37125370057275825,,True,True,0.0,0.0,0,False
depth_x10_y2,expanding,maximum,0.37125370057275825,0.37125370057275825,,True,True,0.0,0.0,0,False
depth_x10_y2,constant_width,individual_1,0.332257521519919,0.332257521519919,,True,True,0.0,0.0,0,False
depth_x10_y2,constant_width,union,0.332257521519919,0.332257521519919,,True,True,0.0,0.0,0,False
depth_x10_y2,constant_width,maximum,0.332257521519919,0.332257521519919,,True,True,0.0,0.0,0,False
depth_x20_y0,isotropic,individual_1,0.24910629516606975,0.24910629516606975,,True,True,0.0,0.0,0,False
depth_x20_y0,isotropic,union,0.24910629516606975,0.24910629516606975,,True,True,0.0,0.0,0,False
depth_x20_y0,isotropic,maximum,0.24910629516606975,0.24910629516606975,,True,True,0.0,0.0,0,False
depth_x20_y0,expanding,individual_1,0.7249999955432335,0.7249999955432335,,True,True,0.0,0.0,0,False
depth_x20_y0,expanding,union,0.7249999955432335,0.7249999955432335,,True,True,0.0,0.0,0,False
depth_x20_y0,expanding,maximum,0.7249999955432335,0.7249999955432335,,True,True,0.0,0.0,0,False
depth_x20_y0,constant_width,individual_1,0.7249999955432335,0.7249999955432335,,True,True,0.0,0.0,0,False
depth_x20_y0,constant_width,union,0.7249999955432335,0.7249999955432335,,True,True,0.0,0.0,0,False
depth_x20_y0,constant_width,maximum,0.7249999955432335,0.7249999955432335,,True,True,0.0,0.0,0,False
depth_x20_y2,isotropic,individual_1,0.24026480109741932,0.24026480109741932,,True,True,0.0,0.0,0,False
depth_x20_y2,isotropic,union,0.24026480109741932,0.24026480109741932,,True,True,0.0,0.0,0,False
depth_x20_y2,isotropic,maximum,0.24026480109741932,0.24026480109741932,,True,True,0.0,0.0,0,False
depth_x20_y2,expanding,individual_1,0.6767106757590642,0.6767106757590642,,True,True,0.0,0.0,0,False
depth_x20_y2,expanding,union,0.6767106757590642,0.6767106757590642,,True,True,0.0,0.0,0,False
depth_x20_y2,expanding,maximum,0.6767106757590642,0.6767106757590642,,True,True,0.0,0.0,0,False
depth_x20_y2,constant_width,individual_1,0.5840681144277332,0.5840681144277332,,True,True,0.0,0.0,0,False
depth_x20_y2,constant_width,union,0.5840681144277332,0.5840681144277332,,True,True,0.0,0.0,0,False
depth_x20_y2,constant_width,maximum,0.5840681144277332,0.5840681144277332,,True,True,0.0,0.0,0,False
depth_x40_y0,isotropic,individual_1,0.12455314736647953,0.12455314736647953,,True,True,0.0,0.0,0,False
depth_x40_y0,isotropic,union,0.12455314736647953,0.12455314736647953,,True,True,0.0,0.0,0,False
depth_x40_y0,isotropic,maximum,0.12455314736647953,0.12455314736647953,,True,True,0.0,0.0,0,False
depth_x40_y0,expanding,individual_1,0.8624999977716167,0.8624999977716167,,True,True,0.0,0.0,0,False
depth_x40_y0,expanding,union,0.8624999977716167,0.8624999977716167,,True,True,0.0,0.0,0,False
depth_x40_y0,expanding,maximum,0.8624999977716167,0.8624999977716167,,True,True,0.0,0.0,0,False
depth_x40_y0,constant_width,individual_1,0.8624999977716167,0.8624999977716167,,True,True,0.0,0.0,0,False
depth_x40_y0,constant_width,union,0.8624999977716167,0.8624999977716167,,True,True,0.0,0.0,0,False
depth_x40_y0,constant_width,maximum,0.8624999977716167,0.8624999977716167,,True,True,0.0,0.0,0,False
depth_x40_y2,isotropic,individual_1,0.1234252638843721,0.1234252638843721,,True,True,0.0,0.0,0,False
depth_x40_y2,isotropic,union,0.1234252638843721,0.1234252638843721,,True,True,0.0,0.0,0,False
depth_x40_y2,isotropic,maximum,0.1234252638843721,0.1234252638843721,,True,True,0.0,0.0,0,False
depth_x40_y2,expanding,individual_1,0.8429185185506197,0.8429185185506197,,True,True,0.0,0.0,0,False
depth_x40_y2,expanding,union,0.8429185185506197,0.8429185185506197,,True,True,0.0,0.0,0,False
depth_x40_y2,expanding,maximum,0.8429185185506197,0.8429185185506197,,True,True,0.0,0.0,0,False
depth_x40_y2,constant_width,individual_1,0.7185585601452127,0.7185585601452127,,True,True,0.0,0.0,0,False
depth_x40_y2,constant_width,union,0.7185585601452127,0.7185585601452127,,True,True,0.0,0.0,0,False
depth_x40_y2,constant_width,maximum,0.7185585601452127,0.7185585601452127,,True,True,0.0,0.0,0,False
equal_minimum_one,isotropic,individual_1,0.15109060554564627,0.15109060554564627,,True,True,0.0,0.0,0,False
equal_minimum_one,isotropic,union,0.15109060554564627,0.15109060554564627,,True,True,0.0,0.0,0,False
equal_minimum_one,isotropic,maximum,0.15109060554564627,0.15109060554564627,,True,True,0.0,0.0,0,False
equal_minimum_one,expanding,individual_1,0.13292762911694314,0.13292762911694314,,True,True,0.0,0.0,0,False
equal_minimum_one,expanding,union,0.13292762911694314,0.13292762911694314,,True,True,0.0,0.0,0,False
equal_minimum_one,expanding,maximum,0.13292762911694314,0.13292762911694314,,True,True,0.0,0.0,0,False
equal_minimum_one,constant_width,individual_1,0.1053485361074352,0.1053485361074352,,True,True,0.0,0.0,0,False
equal_minimum_one,constant_width,union,0.1053485361074352,0.1053485361074352,,True,True,0.0,0.0,0,False
equal_minimum_one,constant_width,maximum,0.1053485361074352,0.1053485361074352,,True,True,0.0,0.0,0,False
equal_minimum_three,isotropic,individual_1,0.15109060554564627,0.15109060554564627,,True,True,0.0,0.0,0,False
equal_minimum_three,isotropic,individual_2,0.15203460294462212,0.15203460294462212,,True,True,0.0,0.0,0,False
equal_minimum_three,isotropic,individual_3,0.15109060554564627,0.15109060554564627,,True,True,0.0,0.0,0,False
equal_minimum_three,isotropic,union,0.4268168846242686,0.4268168846242686,,True,True,0.0,0.0,0,False
equal_minimum_three,isotropic,maximum,0.3899661789621929,0.3899661789621929,,True,True,0.0,0.0,0,False
equal_minimum_three,expanding,individual_1,0.22779054834775647,0.22779054834775647,,True,True,0.0,0.0,0,False
equal_minimum_three,expanding,individual_2,0.26121259928295454,0.26121259928295454,,True,True,0.0,0.0,0,False
equal_minimum_three,expanding,individual_3,0.13292762915918796,0.13292762915918796,,True,True,0.0,0.0,0,False
equal_minimum_three,expanding,union,0.45823835653981,0.45823835653981,,True,True,0.0,0.0,0,False
equal_minimum_three,expanding,maximum,0.37006332722802343,0.37006332722802343,,True,True,0.0,0.0,0,False
equal_minimum_three,constant_width,individual_1,0.0808052806116531,0.0808052806116531,,True,True,0.0,0.0,0,False
equal_minimum_three,constant_width,individual_2,0.15016022527435288,0.15016022527435288,,True,True,0.0,0.0,0,False
equal_minimum_three,constant_width,individual_3,0.10534853580525703,0.10534853580525703,,True,True,0.0,0.0,0,False
equal_minimum_three,constant_width,union,0.30583584976936745,0.30583584976936745,,True,True,0.0,0.0,0,False
equal_minimum_three,constant_width,maximum,0.27105051514560097,0.27105051514560097,,True,True,0.0,0.0,0,False
star_edge_1,isotropic,individual_1,0.11848451632553929,0.11848451632553929,,True,True,0.0,0.0,0,False
star_edge_1,isotropic,individual_2,0.1946554623696369,0.1946554623696369,,True,True,0.0,0.0,0,False
star_edge_1,isotropic,individual_3,1.903240430963621e-15,1.903240430963621e-15,,True,True,0.0,0.0,0,False
star_edge_1,isotropic,individual_4,6.231286470596216e-06,6.231286470596216e-06,,True,True,0.0,0.0,0,False
star_edge_1,isotropic,union,0.3131457185188808,0.3131457185188808,,True,True,0.0,0.0,0,False
star_edge_1,isotropic,maximum,0.31312507862204436,0.31312507862204436,,True,True,0.0,0.0,0,False
star_edge_1,expanding,individual_1,0.14090434732148907,0.14090434732148907,,True,True,0.0,0.0,0,False
star_edge_1,expanding,individual_2,0.07763932027405822,0.07763932027405822,,True,True,0.0,0.0,0,False
star_edge_1,expanding,individual_3,0.0,0.0,,True,True,0.0,,0,False
star_edge_1,expanding,individual_4,0.0,0.0,,True,True,0.0,,0,False
star_edge_1,expanding,union,0.21053456907959464,0.21053456907959464,,True,True,0.0,0.0,0,False
star_edge_1,expanding,maximum,0.2087599494745456,0.2087599494745456,,True,True,0.0,0.0,0,False
star_edge_1,constant_width,individual_1,0.04256167739837771,0.04256167739837771,,True,True,0.0,0.0,0,False
star_edge_1,constant_width,individual_2,0.07763932027405822,0.07763932027405822,,True,True,0.0,0.0,0,False
star_edge_1,constant_width,individual_3,0.0,0.0,,True,True,0.0,,0,False
star_edge_1,constant_width,individual_4,0.0,0.0,,True,True,0.0,,0,False
star_edge_1,constant_width,union,0.12020011277253273,0.12020011277253273,,True,True,0.0,0.0,0,False
star_edge_1,constant_width,maximum,0.12019943993295512,0.12019943993295512,,True,True,0.0,0.0,0,False
star_edge_2,isotropic,individual_1,0.199285036099575,0.199285036099575,,True,True,0.0,0.0,0,False
star_edge_2,isotropic,individual_2,8.032435568810158e-06,8.032435568810158e-06,,True,True,0.0,0.0,0,False
star_edge_2,isotropic,individual_3,8.032435568810158e-06,8.032435568810158e-06,,True,True,0.0,0.0,0,False
star_edge_2,isotropic,individual_4,6.31328016935915e-06,6.31328016935915e-06,,True,True,0.0,0.0,0,False
star_edge_2,isotropic,union,0.19930684594379058,0.19930684594379058,,True,True,0.0,0.0,0,False
star_edge_2,isotropic,maximum,0.19929255152896672,0.19929255152896672,,True,True,0.0,0.0,0,False
star_edge_2,expanding,individual_1,0.7800000157174812,0.7800000157174812,,True,True,0.0,0.0,0,False
star_edge_2,expanding,individual_2,8.255276221424821e-07,8.255276221424821e-07,,True,True,0.0,0.0,0,False
star_edge_2,expanding,individual_3,8.255276221424821e-07,8.255276221424821e-07,,True,True,0.0,0.0,0,False
star_edge_2,expanding,individual_4,0.0,0.0,,True,True,0.0,,0,False
star_edge_2,expanding,union,0.7800000157174812,0.7800000157174812,,True,True,0.0,0.0,0,False
star_edge_2,expanding,maximum,0.7800000157174812,0.7800000157174812,,True,True,0.0,0.0,0,False
star_edge_2,constant_width,individual_1,0.7800000157174812,0.7800000157174812,,True,True,0.0,0.0,0,False
star_edge_2,constant_width,individual_2,5.3891719699959285e-08,5.3891719699959285e-08,,True,True,0.0,0.0,0,False
star_edge_2,constant_width,individual_3,5.3891719699959285e-08,5.3891719699959285e-08,,True,True,0.0,0.0,0,False
star_edge_2,constant_width,individual_4,0.0,0.0,,True,True,0.0,,0,False
star_edge_2,constant_width,union,0.7800000157174812,0.7800000157174812,,True,True,0.0,0.0,0,False
star_edge_2,constant_width,maximum,0.7800000157174812,0.7800000157174812,,True,True,0.0,0.0,0,False
star_edge_3,isotropic,individual_1,0.11848451632553929,0.11848451632553929,,True,True,0.0,0.0,0,False
star_edge_3,isotropic,individual_2,1.903240430963621e-15,1.903240430963621e-15,,True,True,0.0,0.0,0,False
star_edge_3,isotropic,individual_3,0.1946554623696369,0.1946554623696369,,True,True,0.0,0.0,0,False
star_edge_3,isotropic,individual_4,1.0247796736349103e-05,1.0247796736349103e-05,,True,True,0.0,0.0,0,False
star_edge_3,isotropic,union,0.3131491764571914,0.3131491764571914,,True,True,0.0,0.0,0,False
star_edge_3,isotropic,maximum,0.31312507862204436,0.31312507862204436,,True,True,0.0,0.0,0,False
star_edge_3,expanding,individual_1,0.14090434732148907,0.14090434732148907,,True,True,0.0,0.0,0,False
star_edge_3,expanding,individual_2,0.0,0.0,,True,True,0.0,,0,False
star_edge_3,expanding,individual_3,0.07763932027405822,0.07763932027405822,,True,True,0.0,0.0,0,False
star_edge_3,expanding,individual_4,0.0,0.0,,True,True,0.0,,0,False
star_edge_3,expanding,union,0.21053456907959464,0.21053456907959464,,True,True,0.0,0.0,0,False
star_edge_3,expanding,maximum,0.2087599494745456,0.2087599494745456,,True,True,0.0,0.0,0,False
star_edge_3,constant_width,individual_1,0.04256167739837771,0.04256167739837771,,True,True,0.0,0.0,0,False
star_edge_3,constant_width,individual_2,0.0,0.0,,True,True,0.0,,0,False
star_edge_3,constant_width,individual_3,0.07763932027405822,0.07763932027405822,,True,True,0.0,0.0,0,False
star_edge_3,constant_width,individual_4,0.0,0.0,,True,True,0.0,,0,False
star_edge_3,constant_width,union,0.12020011277253273,0.12020011277253273,,True,True,0.0,0.0,0,False
star_edge_3,constant_width,maximum,0.12019943993295512,0.12019943993295512,,True,True,0.0,0.0,0,False
star_edge_4,isotropic,individual_1,0.003041815730725072,0.003041815730725072,,True,True,0.0,0.0,0,False
star_edge_4,isotropic,individual_2,1.817737236250923e-24,1.817737236250923e-24,,True,True,0.0,0.0,0,False
star_edge_4,isotropic,individual_3,2.9811054672663105e-24,2.9811054672663105e-24,,True,True,0.0,0.0,0,False
star_edge_4,isotropic,individual_4,0.41161734248076315,0.41161734248076315,,True,True,0.0,0.0,0,False
star_edge_4,isotropic,union,0.41465092463616465,0.41465092463616465,,True,True,0.0,0.0,0,False
star_edge_4,isotropic,maximum,0.41410846927278877,0.41410846927278877,,True,True,0.0,0.0,0,False
star_edge_4,expanding,individual_1,0.0,0.0,,True,True,0.0,,0,False
star_edge_4,expanding,individual_2,0.0,0.0,,True,True,0.0,,0,False
star_edge_4,expanding,individual_3,0.0,0.0,,True,True,0.0,,0,False
star_edge_4,expanding,individual_4,0.2265808321130849,0.2265808321130849,,True,True,0.0,0.0,0,False
star_edge_4,expanding,union,0.2265808321130849,0.2265808321130849,,True,True,0.0,0.0,0,False
star_edge_4,expanding,maximum,0.2265808321130849,0.2265808321130849,,True,True,0.0,0.0,0,False
star_edge_4,constant_width,individual_1,0.0,0.0,,True,True,0.0,,0,False
star_edge_4,constant_width,individual_2,0.0,0.0,,True,True,0.0,,0,False
star_edge_4,constant_width,individual_3,0.0,0.0,,True,True,0.0,,0,False
star_edge_4,constant_width,individual_4,0.2243752034242107,0.2243752034242107,,True,True,0.0,0.0,0,False
star_edge_4,constant_width,union,0.2243752034242107,0.2243752034242107,,True,True,0.0,0.0,0,False
star_edge_4,constant_width,maximum,0.2243752034242107,0.2243752034242107,,True,True,0.0,0.0,0,False
