fixture,reviews,passed,evidence_sha256
success,1,true,2abe5f916265275a94c157bd1a93c55f96d352863cbdce618a40418af3a2ebc6
pre_access_failure,1,true,2abe5f916265275a94c157bd1a93c55f96d352863cbdce618a40418af3a2ebc6
numerical_failure,1,true,2abe5f916265275a94c157bd1a93c55f96d352863cbdce618a40418af3a2ebc6
publication_initialization_failure,1,true,2abe5f916265275a94c157bd1a93c55f96d352863cbdce618a40418af3a2ebc6
publisher_failure,1,true,2abe5f916265275a94c157bd1a93c55f96d352863cbdce618a40418af3a2ebc6
repeated_closure,1,true,2abe5f916265275a94c157bd1a93c55f96d352863cbdce618a40418af3a2ebc6
preexisting_authority,0,true,2abe5f916265275a94c157bd1a93c55f96d352863cbdce618a40418af3a2ebc6
tampering,1,true,2abe5f916265275a94c157bd1a93c55f96d352863cbdce618a40418af3a2ebc6
namespace_collision,1,true,2abe5f916265275a94c157bd1a93c55f96d352863cbdce618a40418af3a2ebc6
